iter,rmse,ae,pearson_r,r2,best_bo,best_pool_min,l,sigma2,noise,lml,gp_converged,gp_fit_iterations,gp_stable,gp_stability_issues,batch_size,memory_gb
1,5.608193903364211,4.4509257582172355,0.006747825760787102,-0.5080277631322763,-16.8592,-41.8341,"[0.33381288992795866, 0.3782562342538902, 0.35861860405623563, 0.28101275391666214, 0.384015569985189]",1.0448357962964347,0.19615444334409365,-0.9229869400388762,True,299,True,,1,0.4409599304199219
2,5.317477753515361,4.194151121444075,-0.010940353120954309,-0.37616738278666406,-16.8592,-41.8341,"[0.3072892623869583, 0.32051882001138854, 0.3596399457785731, 0.39266544915316093, 0.38044081596849016]",0.8232360083752192,0.4397988173888759,-1.348672275628456,True,288,True,,1,0.4414787292480469
3,5.408716932659885,4.2656500064873875,-0.07568622439654964,-0.4960776515189107,-16.8592,-41.8341,"[0.2972696547401386, 0.37886946462098753, 0.35908001791627486, 0.3216257491599894, 0.35704395242920867]",0.878537835499152,0.4734270794383346,-1.3568117676338811,True,293,True,,1,0.44164276123046875
4,5.402751368698288,4.249024752623061,-0.24017389771470266,-0.6382890976049707,-16.8592,-41.8341,"[0.36342343472183725, 0.3760722904691475, 0.29692909823388236, 0.3531774014615028, 0.37632058952077957]",1.1166473452427326,0.7401769284559472,-1.5650896678376078,True,284,True,,1,0.44162750244140625
5,5.332942371311619,4.1858602572395815,-0.24729456467228253,-0.5863269183436302,-16.8592,-41.8341,"[0.3573913182239155, 0.35893990214740135, 0.29749415943838486, 0.3564581610767697, 0.3419639966536576]",0.8502383372243041,0.7764392936623802,-1.581936123271673,True,267,True,,1,0.4417381286621094
6,5.986527510867761,4.769840575460803,-0.09966607550692935,-0.8853512784526105,-18.1555,-41.8341,"[0.30549964274444064, 0.3082532589625931, 0.4189114566593591, 0.4138843909962281, 0.14214841068836861]",1.4260954838731756,0.2797477444337101,-1.0021144329468845,True,281,True,,1,0.4418449401855469
7,4.690503285466885,3.6910844917974726,0.13419320495740886,-0.008170510296850342,-18.1555,-41.8341,"[0.3215630829186319, 0.3174432327126469, 0.3601140384031088, 0.35952877710194264, 0.30136454561456866]",0.37480258188188326,0.9306184819377665,-1.6692767658554057,True,289,True,,1,0.4420166015625
8,4.9276841834563125,3.869731697516064,0.2061383502698075,-0.050022431587346095,-18.1555,-41.8341,"[0.3466069886967066, 0.3416905297208054, 0.41489830003168326, 0.34487959312590505, 0.2721673485700714]",0.5144832491925101,0.789923292780027,-1.5418188073376027,True,274,True,,1,0.4422149658203125
9,4.720301399826286,3.7137978301834575,0.26149379942678014,0.036870389269655024,-19.6855,-41.8341,"[0.3832805973259557, 0.3466564269525326, 0.3466142503736883, 0.3474947632050781, 0.3702363598508762]",0.6498159378793789,0.7253543771314016,-1.4835743958266416,True,278,True,,1,0.4423789978027344
10,5.366152104899282,4.243186501840751,0.021971348645509623,-0.3631717247558248,-19.6855,-41.8341,"[0.3706843487282482, 0.36799140127994107, 0.3702885390230348, 0.3703906290046495, 0.1481616336464549]",1.207048008568718,0.41756606830432325,-1.1541758368830197,True,283,True,,1,0.44211578369140625
11,5.306965352685963,4.1911819884795785,0.022264995483930176,-0.33349524792807617,-19.6855,-41.8341,"[0.369231988947621, 0.36797002180752614, 0.37031080653072407, 0.3702404930697656, 0.1603750692992436]",1.1290815719590692,0.3928106718059278,-1.1108385943049173,True,286,True,,1,0.44240570068359375
12,5.247815780369238,4.140159804170676,0.021223173162477998,-0.3057015775701526,-19.6855,-41.8341,"[0.36789785941207676, 0.3661848348293997, 0.3679065787894181, 0.36819550827592695, 0.1638679404630897]",1.0500623594769132,0.399822802505302,-1.1139614655595065,True,277,True,,1,0.4425010681152344
13,5.2181948505528215,4.115278423518258,0.019932933220877618,-0.2926634466915716,-19.6855,-41.8341,"[0.36804130595016554, 0.36744509638532, 0.36836133714841784, 0.3686339220814061, 0.16236831473752683]",0.985540294235699,0.40063460489563824,-1.1088643270967218,True,277,True,,1,0.4426536560058594
14,6.080089981866893,4.862781452243732,0.03341979432388301,-0.7252246847813404,-41.8341,-41.8341,"[0.4225260108727374, 0.42291050923234985, 0.4240626785625349, 0.4254910896854033, 0.13559240110709542]",1.7746670560727886,0.17112257927083918,-0.6420261336619554,True,305,True,,1,0.4426994323730469
15,5.979196165548547,4.777139934503319,0.030206128289743353,-0.6743492898862633,-41.8341,-41.8341,"[0.39645871472834604, 0.39593450670735686, 0.3972857257356982, 0.3969854731127218, 0.14334228454126047]",1.6144790673661955,0.18090313141081618,-0.6551356490333017,True,300,True,,1,0.4427757263183594
16,5.708225308196503,4.54649712313019,0.040994899064121834,-0.5103830656783768,-41.8341,-41.8341,"[0.13227266619267286, 0.36091458278737343, 0.3607189088439304, 0.3644517860803232, 0.4396666529701938]",1.3505950099540498,0.18106062231260708,-0.6460294382625167,True,292,True,,1,0.4428749084472656
17,4.783742372311105,3.762645532394351,0.24517601551092325,0.05239380122402437,-41.8341,-41.8341,"[0.28956876612058896, 0.37032487865736846, 0.37290608421650784, 0.4151766748946306, 0.371805924211073]",0.5035573953216206,0.5878283330266734,-1.3093508357026795,True,268,True,,1,0.4429359436035156
18,4.783522096479217,3.762864475723731,0.2481228789231594,0.053006306552303206,-41.8341,-41.8341,"[0.3088231443057375, 0.3714489049703152, 0.3725297050748497, 0.36846801192366546, 0.41728168395971627]",0.47336402991409476,0.5923715876393761,-1.3088371744726082,True,256,True,,1,0.443084716796875
19,4.752994140667094,3.737861059127692,0.24590154834143735,0.05608365389611347,-41.8341,-41.8341,"[0.3735225244148861, 0.37304169293227235, 0.37221700478486314, 0.37451517170145404, 0.31688719453317615]",0.479905540303616,0.593424837111593,-1.304459796655823,True,269,True,,1,0.4432868957519531
20,4.758616056527069,3.74125577473971,0.24676461407861836,0.05578982818145706,-41.8341,-41.8341,"[0.3778474318438575, 0.38045659299500934, 0.3778450111527175, 0.3781490080756329, 0.33324617922237665]",0.4751176237277969,0.5854047052771806,-1.2917334788643255,True,270,True,,1,0.4431495666503906
21,4.686131281897554,3.6910668066029704,0.22935677248805206,0.05239166189627764,-41.8341,-41.8341,"[0.3876304081413201, 0.38780699233211274, 0.3883133257975631, 0.38745573186214916, 0.30567657649701624]",0.6090277280652397,0.5376364678471075,-1.2238265154650292,True,252,True,,1,0.4430885314941406
22,4.690081542435076,3.6944754359937817,0.23475187920648194,0.05485455482526669,-41.8341,-41.8341,"[0.3905018099121773, 0.39085646031943644, 0.3920552462180956, 0.39073305398270053, 0.31081721383918703]",0.577015875490105,0.540229007711664,-1.22385930482236,True,265,True,,1,0.4432258605957031
23,4.771815029638706,3.7527231779846515,0.19986613729535155,0.01847461293772301,-41.8341,-41.8341,"[0.3722703581640189, 0.3728083314015058, 0.3716989693003282, 0.3717119023603725, 0.41546583611979504]",0.4369533824492519,0.6409332657973275,-1.3345567539113985,True,251,True,,1,0.4429664611816406
24,4.765395170431201,3.753532979853015,0.06096895824124148,-0.058262178750780436,-41.8341,-41.8341,"[0.37429616127092363, 0.37352065175163646, 0.3731033767329648, 0.3730781879407151, 0.2888382091074911]",0.48538042255332003,0.5997009379526529,-1.27975442387614,True,253,True,,1,0.4432373046875
25,4.724867887829301,3.7230615636096873,0.19947613416494142,0.024916523991941886,-41.8341,-41.8341,"[0.3677225310263354, 0.3674765781244383, 0.3711605198146287, 0.36888064184269254, 0.41420126967296766]",0.40458305813841483,0.6643832434985706,-1.3471204628529883,True,258,True,,1,0.4433441162109375
26,4.717763260870007,3.718029818796125,0.19610531785194898,0.024374513036320877,-41.8341,-41.8341,"[0.3675399653939537, 0.36719690805832905, 0.36698718040546413, 0.36683338772707136, 0.4182239424121535]",0.4017075022678622,0.6697923289554948,-1.3463155089832886,True,251,True,,1,0.44348907470703125
27,4.7289449775896815,3.7283700246690787,0.212151209657663,0.02636813777231617,-41.8341,-41.8341,"[0.36883004131727226, 0.36900523270282587, 0.3660739718699236, 0.3657068665146557, 0.38565965352834614]",0.3922775458668592,0.6758486385805519,-1.3438567247603437,True,249,True,,1,0.44361114501953125
28,4.70203161115091,3.7062099703818414,0.20924460567647207,0.030849427905877636,-41.8341,-41.8341,"[0.36989936368905196, 0.3694702489460689, 0.36931408740265104, 0.3690228446642221, 0.37970231927183706]",0.3894531191244835,0.6778780347185532,-1.3412928564146411,True,249,True,,1,0.44374847412109375
29,4.900217988395048,3.865585780070657,0.0019775318344707415,-0.15688858498424718,-41.8341,-41.8341,"[0.44656728636827725, 0.45408886122866393, 0.2600670470889853, 0.2902513324039302, 0.34614663700428483]",0.6145423180074289,0.46082014438085933,-1.0892589235570698,True,267,True,,1,0.4439506530761719
30,4.817037536881689,3.8004080939725364,0.034278672400054416,-0.09583259365148145,-41.8341,-41.8341,"[0.4281589755990962, 0.39229356665521387, 0.21821728861170117, 0.4300818941619521, 0.38964331080583947]",0.5611395694015393,0.49738335794747224,-1.1361833887339137,True,259,True,,1,0.443450927734375
31,4.719758146551665,3.7216172269076773,0.18877512915353442,0.019754574123749258,-41.8341,-41.8341,"[0.37179755066256864, 0.3755717174844809, 0.4003186167009284, 0.3714555683694807, 0.3724167007107836]",0.37574310329392363,0.6693109602435796,-1.3217326967494163,True,257,True,,1,0.44289398193359375
32,4.694945885271734,3.7002282160354483,0.25528197386173596,0.059014489365744494,-41.8341,-41.8341,"[0.3881597362531627, 0.4128437407542912, 0.38409754311280636, 0.3833463059037146, 0.38324131686492474]",0.3800889581498909,0.6637331580203403,-1.3147206493321273,True,246,True,,1,0.4434852600097656
33,4.782362331837012,3.770266732573531,0.09161858620906013,-0.044491881817399825,-41.8341,-41.8341,"[0.42232077805605045, 0.41182653960304516, 0.24941673945180232, 0.41871641813535154, 0.36345235136156606]",0.5324314553079488,0.5197623745519848,-1.152351760459317,True,258,True,,1,0.4435920715332031
34,4.797267366475272,3.7723728812469983,0.14810745608873546,-0.012707762978262593,-41.8341,-41.8341,"[0.39449715539083974, 0.42482463291080635, 0.4176637475319556, 0.24999180227510925, 0.3632417670848062]",0.44149441480791757,0.5765435865764533,-1.2168700381423683,True,263,True,,1,0.4436683654785156
35,4.787890195777198,3.765407283164333,0.1527290728149788,-0.00721287624739686,-41.8341,-41.8341,"[0.3957463455063885, 0.42396486144885104, 0.4145197610239599, 0.2537104463844192, 0.3592886046943601]",0.42705757659828353,0.583993238413452,-1.2207771368817872,True,255,True,,1,0.4437751770019531
36,4.727587314100364,3.719610432643354,0.21292467752167582,0.04074444919699105,-41.8341,-41.8341,"[0.4013051059802118, 0.4522442330418891, 0.31709792815482485, 0.3971209361365381, 0.3965050021573782]",0.3966508894360057,0.6022216191565193,-1.2441563649057024,True,245,True,,1,0.4441490173339844
37,4.715034888958098,3.7128632802963653,0.2855466322519057,0.07982598335901026,-41.8341,-41.8341,"[0.3953559454661039, 0.3872832407341396, 0.40511311252138277, 0.4046025844641607, 0.4070422139619197]",0.3968460909259082,0.6268770991211499,-1.273306057412969,True,251,True,,1,0.4437713623046875
38,4.92398271173479,3.8725292919004355,0.19945113851831042,-0.012500874779999727,-41.8341,-41.8341,"[0.40070103906949883, 0.2993384513839805, 0.4384590841189156, 0.2727655745264761, 0.434327005842718]",0.3925070178386961,0.6361188783792019,-1.2695888406119564,True,265,True,,1,0.4442291259765625
39,4.925736581024763,3.874428297563659,0.1916525014516602,-0.020396744024268942,-41.8341,-41.8341,"[0.41687074495774123, 0.30773416919740326, 0.45858852591019156, 0.2650807010055422, 0.4174467480229311]",0.3852225642429099,0.6325585189297579,-1.2642404649263557,True,259,True,,1,0.4445037841796875
40,4.92072782495125,3.8716882118916387,0.1916071867805441,-0.019279544956039008,-41.8341,-41.8341,"[0.42052413626462953, 0.30687716619598826, 0.4602557364422484, 0.2613861284560178, 0.4180717299146204]",0.37655898385849856,0.6327506684773712,-1.2628095620212745,True,255,True,,1,0.44423675537109375
41,4.914002650176657,3.863210627390673,0.21238075983160326,-0.006907008952035554,-41.8341,-41.8341,"[0.31484209725274204, 0.45223056275980195, 0.2664689974794201, 0.47473462817030687, 0.3583376744865572]",0.4336962903342129,0.599669162655074,-1.2306719483562716,True,258,True,,1,0.443389892578125
42,4.935009103653862,3.881008378273851,0.18046583795704724,-0.03040619833021818,-41.8341,-41.8341,"[0.4445759953912061, 0.31150118577405167, 0.23512192164323265, 0.45813822643439117, 0.4238209153672151]",0.3785959361727777,0.6102793404994912,-1.2403748010509699,True,248,True,,1,0.45093536376953125
43,4.907409310776669,3.861662359065186,0.18669139542953894,-0.01918825750980213,-41.8341,-41.8341,"[0.43815016927270456, 0.3119151018493258, 0.2585100213754615, 0.4474090531427287, 0.4117121832869487]",0.3678021488940856,0.6221355093315128,-1.2495801581069976,True,254,True,,1,0.4511833190917969
44,4.912273155638871,3.8653867202987233,0.1884395202551042,-0.019350656476282202,-41.8341,-41.8341,"[0.4402110704298032, 0.32563740350010234, 0.2599439368718056, 0.4469725309123188, 0.4145821926871366]",0.36487746472008953,0.6174572923691978,-1.2442556398025715,True,258,True,,1,0.4509086608886719
45,4.989680517921217,3.9413155457699753,0.25315978230183,-0.01036586105036097,-41.8341,-41.8341,"[0.4146879332834286, 0.3039001418788052, 0.4455975529306241, 0.4175838964468604, 0.3505509509868272]",0.36660925357712437,0.6701441035897092,-1.2934414520010837,True,241,True,,1,0.4441566467285156
46,4.990455501859568,3.942065951377335,0.2533140152922091,-0.010667675588146297,-41.8341,-41.8341,"[0.4179495601574478, 0.29951019429403447, 0.4449274870635622, 0.35562052897520763, 0.42084130700308964]",0.3599855076822878,0.67289684281564,-1.2939130333186495,True,251,True,,1,0.4443817138671875
47,4.971234084073844,3.9263809534415097,0.2502750683808437,-0.007382031351189866,-41.8341,-41.8341,"[0.41971865650958, 0.26131299434591504, 0.4546408403945166, 0.36294952591025487, 0.4210048281841292]",0.34577117548082753,0.6801858155858205,-1.298974272621434,True,252,True,,1,0.4517402648925781
48,4.9652807180441325,3.922374178695227,0.25130394852358534,-0.005699078466860241,-41.8341,-41.8341,"[0.4203511366079215, 0.26035643408606274, 0.36316276524154795, 0.4529378903457751, 0.4174266183341042]",0.3362365140785658,0.6817813179599725,-1.2986606831963154,True,254,True,,1,0.44476318359375
49,4.965045310439819,3.9215822936935,0.2532873850366914,-0.002141922763495119,-41.8341,-41.8341,"[0.4239403141410416, 0.26470983283077165, 0.3752631953131177, 0.4588803089004815, 0.42185032673535605]",0.344324603665741,0.6704531377873144,-1.2874521853701777,True,255,True,,1,0.45246124267578125
50,4.960620209533625,3.9194539431721696,0.2539298833539031,-0.00159654636693074,-41.8341,-41.8341,"[0.4165705467885948, 0.282700217379731, 0.36030925926861873, 0.4545396397028594, 0.3917477459067965]",0.3517737944148723,0.6734654461946645,-1.2865617899492567,True,264,True,,1,0.4521293640136719
51,4.8716798932925265,3.8312990681261616,0.19224015352524465,-0.006171689680978254,-41.8341,-41.8341,"[0.476525499078685, 0.3028006032017306, 0.337638919107059, 0.39602789994449483, 0.2922493674364851]",0.43741433013738124,0.5870133206505712,-1.1976372904436945,True,255,True,,1,0.44467926025390625
52,5.081544836829046,4.020914595974317,0.24565820929618443,-0.0449182018769092,-41.8341,-41.8341,"[0.4194477509375613, 0.3397844982304741, 0.36059189777425293, 0.33075191702770596, 0.465600547700606]",0.35558560630446834,0.6783061771716856,-1.2863838242302708,True,247,True,,1,0.4518890380859375
53,4.988503128213836,3.9231755164914994,0.17638471336757666,-0.05349063753049643,-41.8341,-41.8341,"[0.4920913767905738, 0.2711554461738295, 0.3189620632084605, 0.3522125649979038, 0.3002732215571495]",0.479135573421694,0.559298492404766,-1.163625773029438,True,242,True,,1,0.451904296875
54,4.972400103550038,3.911838896936738,0.17759798711595448,-0.0476406068898394,-41.8341,-41.8341,"[0.4910008277085971, 0.2790267035965267, 0.3192349159931386, 0.35692724837798717, 0.29237928732207913]",0.4762566104722216,0.5610959197530961,-1.1638292709616036,True,252,True,,1,0.451904296875
55,4.963977386453891,3.9055352351681707,0.17883266868921255,-0.044085620503373946,-41.8341,-41.8341,"[0.4943598846932743, 0.2797029144545633, 0.31744133412863035, 0.3624093686979866, 0.2927371282786495]",0.47685472426691866,0.5612957618575729,-1.163236021725898,True,249,True,,1,0.44484710693359375
56,4.95347088912659,3.8987733404375793,0.18151592036928133,-0.03908240566907373,-41.8341,-41.8341,"[0.4949939503879023, 0.28528214394874757, 0.36561332466335517, 0.2921510734617346, 0.29999813690062843]",0.46549612010766817,0.5667932993911949,-1.1670813383417413,True,264,True,,1,0.4522361755371094
57,4.972330144499213,3.913117603347691,0.18291773645659512,-0.043605641101022385,-41.8341,-41.8341,"[0.4873025668623622, 0.2826689517826999, 0.3489001722004364, 0.3199836347502681, 0.3074557745069658]",0.4631364015435576,0.5671823093133634,-1.1668314315766983,True,258,True,,1,0.4452705383300781
58,4.962146670604149,3.9068647389500635,0.18344710702263073,-0.04040107420464767,-41.8341,-41.8341,"[0.4908295317158797, 0.28546179910031216, 0.3510530307230553, 0.31608259757599755, 0.3119808893404488]",0.46194435007907697,0.570870899284898,-1.1694495765832151,True,253,True,,1,0.4526824951171875
59,4.948562791864632,3.8951789526674414,0.19746602185673082,-0.022686044000856942,-41.8341,-41.8341,"[0.48096127820438034, 0.308041493986147, 0.3475619955686535, 0.3261998271665962, 0.3167144497122104]",0.4495230937003698,0.5750742733741072,-1.1718143072154628,True,250,True,,1,0.4529762268066406
60,4.952873728194335,3.8970202716175057,0.20100089047212594,-0.020847028812712942,-41.8341,-41.8341,"[0.4851756325575458, 0.3217692946404347, 0.3603459992576763, 0.32525375583163163, 0.31964030124374065]",0.4451612342456957,0.5660943446958863,-1.1649981004515,True,249,True,,1,0.45270538330078125
61,4.952922645484431,3.8964789312571027,0.19992300318102016,-0.021469706736655825,-41.8341,-41.8341,"[0.48851159618371076, 0.32752692683791257, 0.360275603139704, 0.3238529769489294, 0.316363997243866]",0.4474918833194718,0.5569585871517941,-1.1556590866018017,True,252,True,,1,0.4453010559082031
62,5.058733950971757,4.001674278241987,0.21564012354785866,-0.059591779530552724,-41.8341,-41.8341,"[0.42140445006328225, 0.34316482025166284, 0.4042595515357072, 0.4116722504960715, 0.4534038742393629]",0.4178670850986762,0.660938512613005,-1.2583303182462242,True,239,True,,1,0.4524497985839844
63,5.062666192027795,4.003314470804527,0.21114752993469085,-0.0646909668173743,-41.8341,-41.8341,"[0.4174850375593045, 0.31486090692322416, 0.3700349332720104, 0.40520799916212824, 0.4972970299037923]",0.38591048658298976,0.6710568400421265,-1.2677762757172877,True,245,True,,1,0.4524803161621094
64,4.924430409518829,3.884588304102374,0.22235507886151848,-0.0011766162485351561,-41.8341,-41.8341,"[0.48931863681246934, 0.335248506225813, 0.3881094312199669, 0.3835307221982847, 0.3391323614476941]",0.3798702874276362,0.626990580700573,-1.226567623584264,True,241,True,,1,0.452484130859375
65,4.928179688822253,3.8862191488455182,0.22522324676236755,0.00023475468848355163,-41.8341,-41.8341,"[0.49274602226341774, 0.3343437253010911, 0.40904289012028383, 0.3809759736190745, 0.3392675842032667]",0.39009073847682124,0.6154843561946035,-1.2151544235260394,True,242,True,,1,0.4526405334472656
66,5.046412665491271,3.9878436781398703,0.21043079484847765,-0.05705054362923989,-41.8341,-41.8341,"[0.43139606507604594, 0.39885128712960216, 0.30764847569268605, 0.4007775544703026, 0.504811627019751]",0.39215171644117297,0.6580798492322455,-1.2558772688556754,True,249,True,,1,0.45296478271484375
67,5.162038645900177,4.102908481635349,0.239120481365053,-0.08822013855836452,-41.8341,-41.8341,"[0.382909295975717, 0.44434261144280895, 0.31805940288377554, 0.5055281378516853, 0.4452838201967916]",0.4190970239298681,0.6799678709771558,-1.2746295736992461,True,238,True,,1,0.4459953308105469
68,5.162884055582228,4.102963489776229,0.23852396181314997,-0.08790480694948255,-41.8341,-41.8341,"[0.38783782721347587, 0.3146115938855618, 0.4489151869017499, 0.5113790004416385, 0.44305808392654206]",0.4395425923858336,0.6559809444004953,-1.2541808979901818,True,240,True,,1,0.4535789489746094
69,5.1617238845469,4.101616695397243,0.2389124042829251,-0.08689901736189332,-41.8341,-41.8341,"[0.38941826732268436, 0.3185716261535623, 0.45127886699718806, 0.516006611249544, 0.4439154266200482]",0.44647969078805183,0.6452368640550359,-1.2460660231965535,True,217,True,,1,0.4465522766113281
70,5.110641746413677,4.057111203338336,0.24570387396655852,-0.06062984770247537,-41.8341,-41.8341,"[0.3873983985255598, 0.3314802121180654, 0.43619580521507545, 0.521106029142302, 0.47724699485472744]",0.4293591747336415,0.655207617719905,-1.2548221419922245,True,233,True,,1,0.45360565185546875
71,5.106474096613125,4.054913156425829,0.2457594292435107,-0.060174672117429884,-41.8341,-41.8341,"[0.3857798092568208, 0.3306085261537224, 0.5183820042651357, 0.47907580755141954, 0.41845010877384353]",0.4342827542300642,0.6566628523810664,-1.2542231357913585,True,234,True,,1,0.4533538818359375
72,5.106777452908254,4.055197863675923,0.24535119245848436,-0.0606120876507974,-41.8341,-41.8341,"[0.3860560323887893, 0.329518015636135, 0.5177338949293662, 0.4796394424427456, 0.41660163295055563]",0.43671296447551217,0.6522449755376817,-1.2503875589590256,True,238,True,,1,0.4459800720214844
73,5.113864700838006,4.0593985931739445,0.24557957628757038,-0.06157891008569205,-41.8341,-41.8341,"[0.3817408026346471, 0.33658194302795374, 0.5195267052703716, 0.48044579237961915, 0.4131756826806422]",0.44964549255370306,0.6406607810241082,-1.2390356984852091,True,236,True,,1,0.4530601501464844
74,5.112162773731657,4.057627741842945,0.24541539532469078,-0.05971127208434446,-41.8341,-41.8341,"[0.38620960153927747, 0.33474147378688845, 0.5240881608374824, 0.4811438388264593, 0.4154532113147197]",0.44919438351911967,0.6363633102079129,-1.2357149437826505,True,220,True,,1,0.45306396484375
75,5.109488313174078,4.055744511018696,0.24584797721495552,-0.058661491469125915,-41.8341,-41.8341,"[0.3843258511340392, 0.332143255947221, 0.5240808252112565, 0.48402424559440715, 0.41563780390504]",0.4502360041367822,0.6380514250242458,-1.234416048624713,True,242,True,,1,0.4530982971191406
76,5.109578590148716,4.053641078528624,0.2485879353663826,-0.055996573673844585,-41.8341,-41.8341,"[0.3824849266395687, 0.32820534896248443, 0.5214943235634949, 0.4984538142586703, 0.4028895634024293]",0.47579123731939443,0.6132800190162476,-1.214100355777088,True,234,True,,1,0.4533729553222656
77,5.006786744710341,3.949822591815803,0.27622225381404913,0.012663744372721775,-41.8341,-41.8341,"[0.45967554627617624, 0.28139863869812753, 0.4872230149725976, 0.47522506552917554, 0.39706104408748644]",0.38889115234480326,0.6081582973722137,-1.2130142561797606,True,238,True,,1,0.45371246337890625
78,4.981464522721643,3.933059402261313,0.2336666319797835,-0.016786046052876813,-41.8341,-41.8341,"[0.420557015839136, 0.27349373044786107, 0.5200811724294713, 0.47864670011588334, 0.4531715353617061]",0.3876715684504796,0.6390526975137895,-1.2390825050145642,True,236,True,,1,0.4540748596191406
79,4.9907964159126355,3.9405708347952566,0.24412523653798435,-0.007851920887637975,-41.8341,-41.8341,"[0.42884301606850295, 0.2723881015842421, 0.5235592101571501, 0.4800388916611633, 0.46028262646921914]",0.3872246209022847,0.6333134814517692,-1.2337201420356856,True,236,True,,1,0.4544715881347656
80,5.004844832102581,3.9502850774614946,0.24520698655528037,-0.010266622958250649,-41.8341,-41.8341,"[0.42975045737818757, 0.26908032216247463, 0.5218096138508256, 0.48027870009915274, 0.48021246505971976]",0.3932742437743706,0.6236988951780782,-1.2251504039332317,True,245,True,,1,0.4541015625
81,5.022247614153371,3.964351423376604,0.278262519515387,0.014938105113641909,-41.8341,-41.8341,"[0.4716857121820709, 0.2265043864039434, 0.49553614967491255, 0.48897251973685946, 0.4064373330732409]",0.39503658601424646,0.604674581880698,-1.2085469723254487,True,232,True,,1,0.45318603515625
82,5.026016254106317,3.967737041136379,0.2796819988436434,0.015103685435603698,-41.8341,-41.8341,"[0.4714892434297701, 0.2345157262456739, 0.49661896676221545, 0.49446217320931724, 0.40276870031278994]",0.39312496001058705,0.6053123700404427,-1.208385859349727,True,232,True,,1,0.4537925720214844
83,5.013975582026787,3.957890484689545,0.24474574420821138,-0.013437289328013025,-41.8341,-41.8341,"[0.4345357221120811, 0.2763747363615581, 0.5172691026824661, 0.4772281577604849, 0.4641776680067265]",0.3861011647605102,0.6244938334540222,-1.2241289140253793,True,235,True,,1,0.45320892333984375
84,5.01804339272767,3.961909487183449,0.2491808956807989,-0.012441880452266352,-41.8341,-41.8341,"[0.44024651374608814, 0.27721671828755357, 0.5206390504591651, 0.49117178373794257, 0.4596175538334968]",0.3846884656085036,0.6313969772061084,-1.2293081715153902,True,235,True,,1,0.4539527893066406
85,5.021767383169545,3.96420548508251,0.24699338991596267,-0.014664771239553565,-41.8341,-41.8341,"[0.4453241802055129, 0.25123758112952094, 0.5252788107390954, 0.48412814148238315, 0.4716598621877086]",0.40327846462574396,0.6042142188280474,-1.2063576940553355,True,244,True,,1,0.4536857604980469
86,5.04415902376555,3.9818174368299717,0.276981500704046,0.0020487676071392347,-41.8341,-41.8341,"[0.482760664732096, 0.197570496682988, 0.5093230782628767, 0.4845601575781513, 0.4115273682439716]",0.42546347791440936,0.5710353910703795,-1.1748501404533578,True,235,True,,1,0.45446014404296875
87,5.01285914223216,3.9551481151662475,0.2750548967857565,0.00995774669563132,-41.8341,-41.8341,"[0.4778203468919121, 0.19912183377045187, 0.5144750551000336, 0.4761938925724428, 0.40576458166250223]",0.4234899202556752,0.5743998813891521,-1.1758104692842564,True,225,True,,1,0.4542579650878906
88,4.987044496195661,3.9357586225715235,0.24511214500530967,-0.005404049522937271,-41.8341,-41.8341,"[0.4460814191079999, 0.25634744291293726, 0.5366082513197226, 0.48531720227740394, 0.46849296435906984]",0.4098488064785182,0.6046521583684011,-1.2045912280461961,True,230,True,,1,0.4549064636230469
89,5.025683846166617,3.965663986211215,0.28075907210543066,0.014450120168601255,-41.8341,-41.8341,"[0.4760495970154792, 0.1984509967980406, 0.4992239123890231, 0.49390291069727027, 0.41349815583716176]",0.4320677149757046,0.5631815118978756,-1.164978036950043,True,241,True,,1,0.45502471923828125
90,5.018706666699646,3.9617624848439927,0.2844482119676296,0.018610389359089208,-41.8341,-41.8341,"[0.47850312556440494, 0.20707426715381758, 0.5071926410367409, 0.5009283272181362, 0.4191490248655344]",0.425697231445078,0.5657804809801202,-1.1688722801377083,True,241,True,,1,0.4475555419921875
91,4.983375798873904,3.9283779415418167,0.2820188241113911,0.030304160566634653,-41.8341,-41.8341,"[0.4822986637380464, 0.20008651979854106, 0.4969147490896241, 0.5091020294813817, 0.40715883765710115]",0.4428601580270855,0.5590928113275561,-1.1604849547350744,True,244,True,,1,0.4475669860839844
92,4.98493536873876,3.929904377559294,0.2822613328599677,0.02981169412547291,-41.8341,-41.8341,"[0.4789997066520733, 0.2012912344474356, 0.4971273277862514, 0.4048600060976567, 0.509017118294949]",0.44508977599704186,0.5604880205931725,-1.160262595527103,True,238,True,,1,0.4475669860839844
93,4.997145540601152,3.9426219156822366,0.2903949491431198,0.029812180068836458,-41.8341,-41.8341,"[0.47749658658318395, 0.22088031667815897, 0.5083254819066928, 0.404782681148144, 0.5105407263492434]",0.43651802838907877,0.5658827730053259,-1.1662128359914623,True,241,True,,1,0.4475746154785156
94,4.9934478670903015,3.9422274540284366,0.29186537611093116,0.031446983564365594,-41.8341,-41.8341,"[0.47975065541279993, 0.23857773173887845, 0.5140088919291008, 0.4059035007077802, 0.5148220448628651]",0.4227632642547652,0.5800433351891219,-1.1786928140128357,True,246,True,,1,0.4475746154785156
95,4.996995983448986,3.944671030488674,0.2908312898943118,0.030207663209110946,-41.8341,-41.8341,"[0.4819610008256072, 0.23448190007615075, 0.5112533833673569, 0.5207139922033761, 0.4065123433229636]",0.42547325020378085,0.5765393101144358,-1.1764504830602696,True,249,True,,1,0.4549903869628906
96,4.992801819396781,3.939597633946946,0.2933249718836206,0.033419237625160636,-41.8341,-41.8341,"[0.4684173666738315, 0.3038684643987997, 0.5047868134324983, 0.41554540029661907, 0.5070468787459601]",0.4099871152844049,0.5841643841824755,-1.1826862244394492,True,234,True,,1,0.45522308349609375
97,4.8796594786726155,3.835187934378128,0.25801221271080416,0.04505559193977404,-41.8341,-41.8341,"[0.5162495884741769, 0.3502005044168278, 0.5185048377707803, 0.38452596094972413, 0.38189912829089845]",0.3964075196437241,0.5622879730051454,-1.1576338969428848,True,227,True,,1,0.4554634094238281
98,4.977341163062349,3.9301458381600383,0.29640124311351657,0.03786102807526026,-41.8341,-41.8341,"[0.48198835361524817, 0.27982598428374345, 0.517096591547554, 0.44191451302630136, 0.5264678857095539]",0.39803528144083167,0.5959928100903823,-1.1953340917141024,True,243,True,,1,0.45574188232421875
99,4.872994050476798,3.833396402464024,0.2666395415534179,0.051638264060941186,-41.8341,-41.8341,"[0.52750089061866, 0.3245408593174738, 0.41144446752928193, 0.531940057536908, 0.4041226541743144]",0.3871005695010492,0.5777035353139367,-1.1740126260776067,True,262,True,,1,0.44915008544921875
100,4.873556478329121,3.833591919753931,0.26616714054862384,0.05116695231794166,-41.8341,-41.8341,"[0.5282427937269094, 0.31891797095802965, 0.5331725600688226, 0.4111032484118808, 0.40145910169147797]",0.38477565059890806,0.5710753768705735,-1.167702898513036,True,230,True,,1,0.44915008544921875
