family,rep,model,ref,metric,delta_r2,delta,p,delta_top1_recall,p_holm,ceiling_moved
vs_rf,dft_chemberta2,gp,rf,r2,-0.05776755848887662,-0.05776755848887662,0.002162631280979998,,0.015138418966859985,
vs_rf,dft_chemberta2,gp,rf,top1_recall,,-0.08571428571428572,0.09930068321372679,-0.08571428571428572,1.0,
vs_rf,dft_chemberta2,mean,rf,r2,-0.2005155272515462,-0.2005155272515462,5.38023642249212e-05,,0.0008704108680822973,
vs_rf,dft_chemberta2,mean,rf,top1_recall,,-0.27142857142857146,0.012208438223916094,-0.27142857142857146,0.1953350115826575,
vs_rf,dft_chemberta2,ridge,rf,r2,0.06451229268286189,0.06451229268286189,0.00019318314668095147,,0.002125014613490466,
vs_rf,dft_chemberta2,ridge,rf,top1_recall,,-0.014285714285714296,0.8648425933000919,-0.014285714285714296,1.0,
vs_rf,dft_chemberta2,tabicl,rf,r2,0.09921531191559556,0.09921531191559556,0.0002207923863788384,,0.0022079238637883842,
vs_rf,dft_chemberta2,tabicl,rf,top1_recall,,-0.04285714285714287,0.5414697392755848,-0.04285714285714287,1.0,
vs_rf,dft_chemberta2,tabpfn,rf,r2,0.11005679498012493,0.11005679498012493,0.000148768547728826,,0.0017852225727459118,
vs_rf,dft_chemberta2,tabpfn,rf,top1_recall,,0.014285714285714273,0.7395812342672977,0.014285714285714273,1.0,
vs_rf,dft_chemberta2,xgb,rf,r2,0.004863606812296828,0.004863606812296828,0.1968996596308297,,0.41503979906969934,
vs_rf,dft_chemberta2,xgb,rf,top1_recall,,-0.07142857142857144,0.210295383118347,-0.07142857142857144,1.0,
best_vs_others,dft_chemberta2,tabpfn,gp,r2,0.16782435346900154,0.16782435346900154,0.00039992086936253385,,0.0027994460855377368,
best_vs_others,dft_chemberta2,tabpfn,mean,r2,0.3105723222316712,0.3105723222316712,7.595424181913534e-05,,0.0010465844767258035,
best_vs_others,dft_chemberta2,tabpfn,rf,r2,0.11005679498012493,0.11005679498012493,0.000148768547728826,,0.001636454025017086,
best_vs_others,dft_chemberta2,tabpfn,ridge,r2,0.045544502297263034,0.045544502297263034,0.0007719691167787873,,0.0038598455838939364,
best_vs_others,dft_chemberta2,tabpfn,tabicl,r2,0.010841483064529367,0.010841483064529367,0.011589792331031882,,0.023179584662063765,
best_vs_others,dft_chemberta2,tabpfn,xgb,r2,0.1051931881678281,0.1051931881678281,0.0003089081354701307,,0.0024712650837610457,
vs_rf,dft_descriptors,gp,rf,r2,-0.01593753437178085,-0.01593753437178085,0.08300795981393987,,0.41503979906969934,
vs_rf,dft_descriptors,gp,rf,top1_recall,,-0.05714285714285714,0.22717687883017715,-0.05714285714285714,1.0,
vs_rf,dft_descriptors,mean,rf,r2,-0.267431112133234,-0.267431112133234,0.00010723575209874842,,0.0013940647772837295,
vs_rf,dft_descriptors,mean,rf,top1_recall,,-0.4714285714285714,0.002910810291414734,-0.4714285714285714,0.04948377495405048,
vs_rf,dft_descriptors,ridge,rf,r2,-0.06350263562113037,-0.06350263562113037,0.0030871952897317187,,0.018523171738390312,
vs_rf,dft_descriptors,ridge,rf,top1_recall,,0.02857142857142857,0.5414697392755852,0.02857142857142857,1.0,
vs_rf,dft_descriptors,tabicl,rf,r2,0.043724417955487496,0.043724417955487496,0.0015943983055172963,,0.01275518644413837,
vs_rf,dft_descriptors,tabicl,rf,top1_recall,,0.04285714285714287,0.5870496397870562,0.04285714285714287,1.0,
vs_rf,dft_descriptors,tabpfn,rf,r2,0.04984048487689428,0.04984048487689428,5.1200639298958665e-05,,0.0008704108680822973,
vs_rf,dft_descriptors,tabpfn,rf,top1_recall,,0.08571428571428572,0.09930068321372679,0.08571428571428572,1.0,
vs_rf,dft_descriptors,xgb,rf,r2,0.0028296106296878732,0.0028296106296878732,0.09701460344098224,,0.41503979906969934,
vs_rf,dft_descriptors,xgb,rf,top1_recall,,0.04285714285714287,0.17780780835622137,0.04285714285714287,1.0,
best_vs_others,dft_descriptors,tabpfn,gp,r2,0.06577801924867513,0.06577801924867513,0.0016946201433127998,,0.005083860429938399,
best_vs_others,dft_descriptors,tabpfn,mean,r2,0.3172715970101283,0.3172715970101283,3.7182469876618724e-05,,0.0006069155406476376,
best_vs_others,dft_descriptors,tabpfn,rf,r2,0.04984048487689428,0.04984048487689428,5.1200639298958665e-05,,0.00076800958948438,
best_vs_others,dft_descriptors,tabpfn,ridge,r2,0.11334312049802464,0.11334312049802464,0.000407520656074864,,0.0027994460855377368,
best_vs_others,dft_descriptors,tabpfn,tabicl,r2,0.006116066921406782,0.006116066921406782,0.18273871148937,,0.18273871148937,
best_vs_others,dft_descriptors,tabpfn,xgb,r2,0.0470108742472064,0.0470108742472064,0.00019666498738920288,,0.001882987686838691,
vs_rf,dft_mordred,gp,rf,r2,-0.1659913477647998,-0.1659913477647998,0.00044047166547655164,,0.0039642449892889646,
vs_rf,dft_mordred,gp,rf,top1_recall,,-0.01428571428571428,0.7989658591927788,-0.01428571428571428,1.0,
vs_rf,dft_mordred,mean,rf,r2,-0.2752785635295843,-0.2752785635295843,8.878313944198862e-05,,0.0012429639521878407,
vs_rf,dft_mordred,mean,rf,top1_recall,,-0.21428571428571427,0.10270042749551186,-0.21428571428571427,1.0,
vs_rf,dft_mordred,ridge,rf,r2,0.014903378050342609,0.014903378050342609,0.09040402400142743,,0.41503979906969934,
vs_rf,dft_mordred,ridge,rf,top1_recall,,0.08571428571428572,0.3739009663000589,0.08571428571428572,1.0,
vs_rf,dft_mordred,tabpfn,rf,r2,0.050352895502345583,0.050352895502345583,7.47560340518431e-05,,0.0011213405107776465,
vs_rf,dft_mordred,tabpfn,rf,top1_recall,,0.07142857142857142,0.5595571951778068,0.07142857142857142,1.0,
vs_rf,dft_mordred,xgb,rf,r2,0.00648761630542265,0.00648761630542265,0.22004029913364076,,0.41503979906969934,
vs_rf,dft_mordred,xgb,rf,top1_recall,,0.01428571428571429,0.5414697392755852,0.01428571428571429,1.0,
best_vs_others,dft_mordred,tabpfn,gp,r2,0.21634424326714535,0.21634424326714535,0.0001211006711411675,,0.00145320805369401,
best_vs_others,dft_mordred,tabpfn,mean,r2,0.3256314590319298,0.3256314590319298,3.570091415574339e-05,,0.0006069155406476376,
best_vs_others,dft_mordred,tabpfn,rf,r2,0.050352895502345583,0.050352895502345583,7.47560340518431e-05,,0.0010465844767258035,
best_vs_others,dft_mordred,tabpfn,ridge,r2,0.03544951745200298,0.03544951745200298,0.0010372564239738227,,0.004149025695895291,
best_vs_others,dft_mordred,tabpfn,xgb,r2,0.043865279196922936,0.043865279196922936,0.0001882987686838691,,0.001882987686838691,
across_reps,dft_descriptors,gp,dft_chemberta2,r2,0.10874560899878358,0.10874560899878358,0.006563864583628973,,0.052510916669031786,
across_reps,dft_descriptors,gp,dft_mordred,r2,0.14220636199666872,0.14220636199666872,0.0026917566268129627,,0.024225809641316664,
across_reps,dft_mordred,mean,dft_chemberta2,r2,0.0,0.0,1.0,,1.0,
across_reps,dft_mordred,mean,dft_descriptors,r2,0.0,0.0,1.0,,1.0,
across_reps,dft_mordred,rf,dft_chemberta2,r2,0.07476303627803801,0.07476303627803801,0.0005983502631322631,,0.006581852894454895,
across_reps,dft_mordred,rf,dft_descriptors,r2,0.007847451396350213,0.007847451396350213,0.6422428137667154,,1.0,
across_reps,dft_mordred,ridge,dft_chemberta2,r2,0.025154121645518734,0.025154121645518734,0.0020350561446205438,,0.020350561446205437,
across_reps,dft_mordred,ridge,dft_descriptors,r2,0.08625346506782319,0.08625346506782319,0.00047045867484114893,,0.005645504098093787,
across_reps,dft_descriptors,tabicl,dft_chemberta2,r2,0.011424690921579739,0.011424690921579739,0.4704677407295015,,1.0,
across_reps,dft_mordred,tabpfn,dft_chemberta2,r2,0.015059136800258676,0.015059136800258676,0.04224354858642258,,0.29570484010495807,
across_reps,dft_mordred,tabpfn,dft_descriptors,r2,0.008359862021801523,0.008359862021801523,0.5474346150018841,,1.0,
across_reps,dft_mordred,xgb,dft_chemberta2,r2,0.07638704577116384,0.07638704577116384,7.560960405130825e-05,,0.0009829248526670074,
across_reps,dft_mordred,xgb,dft_descriptors,r2,0.011505457072084991,0.011505457072084991,0.47770108148820767,,1.0,
ceiling,,,,,,,,,,True
