model,rep,folds_ok,folds_total,cpu_minutes,r2_mean,r2_sd,rmse_mean,rmse_sd,mae_mean,mae_sd,spearman_mean,spearman_sd,top1_recall_mean,top1_recall_sd,tail_rmse_mean,tail_rmse_sd
chemprop,smiles,5,5,1358.3,0.2804483660540928,0.01652780452150741,3.9878410093403405,0.14788745190769984,2.955606975912164,0.0669908820749492,0.5754415896620416,0.01980385416233527,0.35714285714285715,0.07142857142857142,6.470576457742304,0.4830051427029029
gp,dft_chemberta2,5,5,200.7,0.14230380389508843,0.0061571980904029855,4.353531616648098,0.13532093875600948,3.2943618888506734,0.08001333154552576,0.4096575943348902,0.012785662483084275,0.22857142857142856,0.09313146293146642,7.867018582531583,0.14852346942846242
gp,dft_descriptors,5,5,169.1,0.251049412893872,0.034708226305664294,4.067523107792743,0.16169023714405487,3.089643798484971,0.10028220197602343,0.49297045529720973,0.02581750082709188,0.45714285714285713,0.06388765649999399,6.508606548865442,0.24271795116642642
gp,dft_mordred,5,5,504.9,0.1088430508972033,0.006915488612065504,4.4374471019816975,0.13038756469195606,3.386121166624136,0.07905407311509013,0.4244328992304154,0.02127269987984308,0.24285714285714288,0.12975644374703535,8.171803862238331,0.18724575603703222
mean,dft_chemberta2,5,5,0.0,-0.00044416486758116493,0.0006301947025714923,4.7020157405105,0.1500335020453932,3.635378184932602,0.091479263915878,,,0.04285714285714286,0.06388765649999399,8.894287747760158,0.20013699393002676
mean,dft_descriptors,5,5,0.0,-0.00044416486758116493,0.0006301947025714923,4.7020157405105,0.1500335020453932,3.635378184932602,0.091479263915878,,,0.04285714285714286,0.06388765649999399,8.894287747760158,0.20013699393002676
mean,dft_mordred,5,5,0.1,-0.00044416486758116493,0.0006301947025714923,4.7020157405105,0.1500335020453932,3.635378184932602,0.091479263915878,,,0.04285714285714286,0.06388765649999399,8.894287747760158,0.20013699393002676
outlier,dft_chemberta2,5,5,0.0,,,,,,,0.06009652239625485,0.02480306879740001,0.07142857142857142,0.07142857142857142,,
outlier,dft_descriptors,5,5,0.0,,,,,,,0.2262034068243383,0.029945824004203456,0.4428571428571429,0.127775312999988,,
outlier,dft_mordred,5,5,0.1,,,,,,,0.018422852317129892,0.04113179210793905,0.11428571428571428,0.09583148474999098,,
rf,dft_chemberta2,5,5,1144.4,0.20007136238396503,0.0160467734992872,4.20467843835314,0.1526101671337279,3.16200781686598,0.070062916775426,0.4735760584313226,0.009490546515857077,0.3142857142857143,0.063887656499994,7.306866873065056,0.2070458019026246
rf,dft_descriptors,5,5,67.4,0.26698694726565286,0.026014412791670733,4.0245206185271805,0.15358556028744239,3.0528969842768703,0.1032346702994845,0.5094566057832449,0.021585282600663017,0.5142857142857143,0.11736911946539275,6.595184258781056,0.1057731864735575
rf,dft_mordred,5,5,1260.2,0.27483439866200304,0.02516912079072522,4.003105504249507,0.1568461101480556,2.9504586644607795,0.0737184390805875,0.5588210164406784,0.016712413491558477,0.2571428571428571,0.14811743823805515,6.857410963173523,0.2068382330332682
ridge,dft_chemberta2,5,5,1.2,0.2645836550668269,0.02123030964990547,4.031312531843696,0.14885285488468486,3.0049284682957866,0.0660211855420076,0.5443737045210171,0.02105593477682934,0.3,0.09313146293146642,6.771431401361761,0.1881531826347147
ridge,dft_descriptors,5,5,0.0,0.2034843116445225,0.023128542655738583,4.1949518877346,0.13793328674089064,3.2300144562905793,0.083407667695873,0.42727375599673323,0.01867657122903035,0.5428571428571429,0.08144110179279558,6.861955441119695,0.11021662831875183
ridge,dft_mordred,5,5,2.2,0.2897377767123457,0.019692529988060356,3.962104235105163,0.15580769342513315,2.933513974748678,0.07686223612788848,0.5720238329916072,0.016057699255001407,0.34285714285714286,0.10594569267279517,6.6418501398253795,0.26900390672268415
tabicl,dft_chemberta2,5,5,1011.0,0.2992866742995606,0.027166811056729624,3.9352857688886638,0.1688480484320277,2.8914518259103597,0.07758718924414904,0.5803241719409165,0.016075176148760473,0.2714285714285714,0.0931314629314664,6.748735102476081,0.26584156804942116
tabicl,dft_descriptors,5,5,176.4,0.31071136522114035,0.019357652638418228,3.9029219214296473,0.14691280395228598,2.950075279035833,0.08749437842742584,0.5525779044255594,0.017235744631266772,0.557142857142857,0.09313146293146644,6.17330965297253,0.10078596682066505
tabpfn,dft_chemberta2,5,5,1029.4,0.31012815736408994,0.027419120829739782,3.9045057552435956,0.16267807364962486,2.8536246675776185,0.06298142819723952,0.5901392717894968,0.017323038825164783,0.32857142857142857,0.06388765649999399,6.519051753296791,0.2624652600181862
tabpfn,dft_descriptors,5,5,225.0,0.31682743214254716,0.023598398045701616,3.8854639188285764,0.15247806054982097,2.9324501993270093,0.0865505812421947,0.5573219678840875,0.01760229470314171,0.6,0.0814411017927956,6.064582320340134,0.13468337411008596
tabpfn,dft_mordred,5,5,229.2,0.32518729416434866,0.023640239844464568,3.861710161355924,0.1544756206790837,2.8113191007265526,0.06144114093280082,0.6069541639741116,0.017641064095354705,0.32857142857142857,0.09583148474999098,6.413606122732006,0.22464959022517847
xgb,dft_chemberta2,5,5,172.0,0.20493496919626192,0.015684200432283465,4.192137339944717,0.16062728805367887,3.1526674408143314,0.07739225751173925,0.4780388955698262,0.009669674484956798,0.24285714285714283,0.063887656499994,7.259021368548022,0.23055188138130622
xgb,dft_descriptors,5,5,29.4,0.26981655789534076,0.0277269374784595,4.01669248672779,0.156246312426386,3.044019537490817,0.10552107914008056,0.5136067160436466,0.022245539523499447,0.5571428571428572,0.1373956004405096,6.490372121584022,0.16324503598053816
xgb,dft_mordred,5,5,1030.2,0.2813220149674257,0.02079083488212565,3.9854935819517223,0.1579044449263904,2.935065661445506,0.07559079371949222,0.5669723167207819,0.013572569157921079,0.27142857142857146,0.15485345277627713,6.824918739294404,0.18554089396732878
