rep,method,seed,final_best,pool_opt,pool_top1,pool_size,init_best,it_optimum,hit_optimum,it_top1,regret_auc
dft_descriptors,fabo,42,-40.2943,-41.8341,-20.023106,6155,-15.1401,100,False,3,0.24076575260358138
dft_descriptors,pca,42,-41.8341,-41.8341,-20.023106,6155,-15.1401,38,True,5,0.19728721810144603
dft_descriptors,pls,42,-41.8341,-41.8341,-20.023106,6155,-15.1401,44,True,9,0.2603475687420394
dft_descriptors,opls,42,-41.8341,-41.8341,-20.023106,6155,-15.1401,19,True,2,0.11428478309732526
dft_descriptors,vanilla,42,-41.8341,-41.8341,-20.023106,6155,-15.1401,69,True,41,0.4949886865962388
dft_descriptors,random,42,-22.8302,-41.8341,-20.023106,6155,-15.1401,100,False,10,0.762013860792687
dft_descriptors,outlier,42,-41.8341,-41.8341,-20.023106,6155,-15.1401,26,True,26,0.23313111560650332
dft_descriptors,fabo,43,-41.8341,-41.8341,-20.23406,6155,-14.9195,53,True,16,0.36979984840941343
dft_descriptors,pca,43,-41.8341,-41.8341,-20.23406,6155,-14.9195,20,True,9,0.11108428139374167
dft_descriptors,pls,43,-41.8341,-41.8341,-20.23406,6155,-14.9195,17,True,2,0.0874339206230076
dft_descriptors,opls,43,-41.8341,-41.8341,-20.23406,6155,-14.9195,15,True,1,0.07805841439218862
dft_descriptors,vanilla,43,-41.8341,-41.8341,-20.23406,6155,-14.9195,68,True,56,0.5880093332243466
dft_descriptors,random,43,-23.6946,-41.8341,-20.23406,6155,-14.9195,100,False,16,0.718519130880637
dft_descriptors,outlier,43,-41.8341,-41.8341,-20.23406,6155,-14.9195,28,True,28,0.24978234861376358
dft_descriptors,fabo,44,-41.8341,-41.8341,-20.23406,6155,-21.7099,36,True,1,0.27660821299728694
dft_descriptors,pca,44,-41.8341,-41.8341,-20.23406,6155,-21.7099,22,True,1,0.17896930064300695
dft_descriptors,pls,44,-41.8341,-41.8341,-20.23406,6155,-21.7099,29,True,1,0.19167877480843962
dft_descriptors,opls,44,-41.8341,-41.8341,-20.23406,6155,-21.7099,37,True,1,0.3361506047445364
dft_descriptors,vanilla,44,-41.8341,-41.8341,-20.23406,6155,-21.7099,33,True,1,0.2021717136581827
dft_descriptors,random,44,-21.7099,-41.8341,-20.23406,6155,-21.7099,100,False,1,1.0
dft_descriptors,outlier,44,-41.8341,-41.8341,-20.23406,6155,-21.7099,29,True,1,0.28
dft_descriptors,fabo,45,-41.8341,-41.8341,-20.268638000000003,6155,-23.5049,46,True,1,0.27505679462278765
dft_descriptors,pca,45,-41.8341,-41.8341,-20.268638000000003,6155,-23.5049,3,True,1,0.02
dft_descriptors,pls,45,-41.8341,-41.8341,-20.268638000000003,6155,-23.5049,37,True,1,0.3114175741439889
dft_descriptors,opls,45,-41.8341,-41.8341,-20.268638000000003,6155,-23.5049,26,True,1,0.2271376819501124
dft_descriptors,vanilla,45,-24.7001,-41.8341,-20.268638000000003,6155,-23.5049,100,False,1,0.9758732514239574
dft_descriptors,random,45,-23.5049,-41.8341,-20.268638000000003,6155,-23.5049,100,False,1,1.0
dft_descriptors,outlier,45,-41.8341,-41.8341,-20.268638000000003,6155,-23.5049,24,True,1,0.23
dft_descriptors,fabo,46,-36.3135,-36.3135,-20.149904,6155,-14.1129,8,True,6,0.05680125762366783
dft_descriptors,pca,46,-36.3135,-36.3135,-20.149904,6155,-14.1129,25,True,17,0.18011905083646387
dft_descriptors,pls,46,-36.3135,-36.3135,-20.149904,6155,-14.1129,27,True,11,0.1796264965811735
dft_descriptors,opls,46,-36.3135,-36.3135,-20.149904,6155,-14.1129,22,True,17,0.1717797717178815
dft_descriptors,vanilla,46,-36.3135,-36.3135,-20.149904,6155,-14.1129,93,True,55,0.6416206318748141
dft_descriptors,random,46,-21.6201,-36.3135,-20.149904,6155,-14.1129,100,False,13,0.7024253398556795
dft_descriptors,outlier,46,-36.3135,-36.3135,-20.149904,6155,-14.1129,82,True,36,0.4587919245425798
dft_descriptors,fabo,47,-41.8341,-41.8341,-20.268638000000003,6155,-16.7377,3,True,2,0.016152914362219283
dft_descriptors,pca,47,-41.8341,-41.8341,-20.268638000000003,6155,-16.7377,24,True,20,0.20316479654452432
dft_descriptors,pls,47,-41.8341,-41.8341,-20.268638000000003,6155,-16.7377,12,True,2,0.08770190146793962
dft_descriptors,opls,47,-41.8341,-41.8341,-20.268638000000003,6155,-16.7377,15,True,1,0.024030060088299512
dft_descriptors,vanilla,47,-41.8341,-41.8341,-20.268638000000003,6155,-16.7377,55,True,12,0.429190122886151
dft_descriptors,random,47,-22.3841,-41.8341,-20.268638000000003,6155,-16.7377,100,False,56,0.9092593360003827
dft_descriptors,outlier,47,-41.8341,-41.8341,-20.268638000000003,6155,-16.7377,26,True,26,0.24033287642849174
dft_descriptors,fabo,48,-41.8341,-41.8341,-20.09091,6155,-26.3925,17,True,1,0.15022607760853796
dft_descriptors,pca,48,-41.8341,-41.8341,-20.09091,6155,-26.3925,4,True,1,0.01715029530618589
dft_descriptors,pls,48,-41.8341,-41.8341,-20.09091,6155,-26.3925,1,True,1,0.0
dft_descriptors,opls,48,-41.8341,-41.8341,-20.09091,6155,-26.3925,1,True,1,0.0
dft_descriptors,vanilla,48,-41.8341,-41.8341,-20.09091,6155,-26.3925,5,True,1,0.014300590612371777
dft_descriptors,random,48,-29.411,-41.8341,-20.09091,6155,-26.3925,100,False,1,0.8729390089109935
dft_descriptors,outlier,48,-41.8341,-41.8341,-20.09091,6155,-26.3925,24,True,1,0.23
dft_descriptors,fabo,49,-41.8341,-41.8341,-20.414594,6155,-13.9261,9,True,9,0.07106378099469685
dft_descriptors,pca,49,-41.8341,-41.8341,-20.414594,6155,-13.9261,5,True,5,0.03693951555109645
dft_descriptors,pls,49,-41.8341,-41.8341,-20.414594,6155,-13.9261,19,True,8,0.13689092733266447
dft_descriptors,opls,49,-41.8341,-41.8341,-20.414594,6155,-13.9261,12,True,2,0.07476250537480292
dft_descriptors,vanilla,49,-41.8341,-41.8341,-20.414594,6155,-13.9261,80,True,9,0.4890636376666189
dft_descriptors,random,49,-22.6699,-41.8341,-20.414594,6155,-13.9261,100,False,82,0.8177882327647988
dft_descriptors,outlier,49,-41.8341,-41.8341,-20.414594,6155,-13.9261,26,True,26,0.2271566217572022
dft_descriptors,fabo,50,-41.8341,-41.8341,-19.970907999999998,6155,-11.8515,66,True,7,0.19772924963145294
dft_descriptors,pca,50,-41.8341,-41.8341,-19.970907999999998,6155,-11.8515,37,True,33,0.28238134784841873
dft_descriptors,pls,50,-41.8341,-41.8341,-19.970907999999998,6155,-11.8515,23,True,6,0.12511313228339105
dft_descriptors,opls,50,-41.8341,-41.8341,-19.970907999999998,6155,-11.8515,20,True,1,0.10065354572318612
dft_descriptors,vanilla,50,-41.8341,-41.8341,-19.970907999999998,6155,-11.8515,93,True,31,0.6230992975926039
dft_descriptors,random,50,-16.4064,-41.8341,-19.970907999999998,6155,-11.8515,100,False,100,0.8734140801664964
dft_descriptors,outlier,50,-41.8341,-41.8341,-19.970907999999998,6155,-11.8515,28,True,28,0.22721104907513023
dft_descriptors,fabo,51,-40.2943,-41.8341,-19.917104,6155,-16.2515,100,False,25,0.41669302572842476
dft_descriptors,pca,51,-41.8341,-41.8341,-19.917104,6155,-16.2515,29,True,2,0.1527539421325432
dft_descriptors,pls,51,-41.8341,-41.8341,-19.917104,6155,-16.2515,9,True,9,0.0729564625956705
dft_descriptors,opls,51,-41.8341,-41.8341,-19.917104,6155,-16.2515,10,True,8,0.07902945752190943
dft_descriptors,vanilla,51,-41.8341,-41.8341,-19.917104,6155,-16.2515,71,True,21,0.5660274952506782
dft_descriptors,random,51,-17.5721,-41.8341,-19.917104,6155,-16.2515,100,False,100,0.9630303018457858
dft_descriptors,outlier,51,-41.8341,-41.8341,-19.917104,6155,-16.2515,28,True,28,0.25729280839320473
dft_descriptors,fabo,52,-41.8341,-41.8341,-20.149904,6155,-11.6798,73,True,18,0.26773929423001036
dft_descriptors,pca,52,-41.8341,-41.8341,-20.149904,6155,-11.6798,10,True,9,0.06815638234016376
dft_descriptors,pls,52,-41.8341,-41.8341,-20.149904,6155,-11.6798,27,True,6,0.11842078907485831
dft_descriptors,opls,52,-41.8341,-41.8341,-20.149904,6155,-11.6798,19,True,7,0.10573536775849547
dft_descriptors,vanilla,52,-20.4388,-41.8341,-20.149904,6155,-11.6798,100,False,73,0.7517466828943133
dft_descriptors,random,52,-25.0119,-41.8341,-20.149904,6155,-11.6798,100,False,46,0.7141712790547287
dft_descriptors,outlier,52,-41.8341,-41.8341,-20.149904,6155,-11.6798,29,True,29,0.2337697774446762
dft_descriptors,fabo,53,-40.2943,-41.8341,-20.31663,6155,-14.0031,100,False,17,0.2373753727857425
dft_descriptors,pca,53,-41.8341,-41.8341,-20.31663,6155,-14.0031,25,True,2,0.15981373288778702
dft_descriptors,pls,53,-41.8341,-41.8341,-20.31663,6155,-14.0031,24,True,15,0.17647680643886315
dft_descriptors,opls,53,-41.8341,-41.8341,-20.31663,6155,-14.0031,15,True,3,0.030549710754194957
dft_descriptors,vanilla,53,-41.8341,-41.8341,-20.31663,6155,-14.0031,80,True,62,0.623961338076246
dft_descriptors,random,53,-17.8808,-41.8341,-20.31663,6155,-14.0031,100,False,100,0.8674465883367469
dft_descriptors,outlier,53,-41.8341,-41.8341,-20.31663,6155,-14.0031,30,True,30,0.2631135065215048
dft_descriptors,fabo,54,-40.2943,-41.8341,-20.268638000000003,6155,-15.8376,100,False,3,0.12717058065508818
dft_descriptors,pca,54,-41.8341,-41.8341,-20.268638000000003,6155,-15.8376,19,True,9,0.147645721539438
dft_descriptors,pls,54,-41.8341,-41.8341,-20.268638000000003,6155,-15.8376,45,True,9,0.21948039159117572
dft_descriptors,opls,54,-41.8341,-41.8341,-20.268638000000003,6155,-15.8376,43,True,7,0.16070940318889085
dft_descriptors,vanilla,54,-41.8341,-41.8341,-20.268638000000003,6155,-15.8376,51,True,31,0.4160220414286539
dft_descriptors,random,54,-19.9835,-41.8341,-20.268638000000003,6155,-15.8376,100,False,100,0.9455526705518048
dft_descriptors,outlier,54,-41.8341,-41.8341,-20.268638000000003,6155,-15.8376,28,True,28,0.2561664839497625
dft_descriptors,fabo,55,-41.8341,-41.8341,-20.054750000000002,6155,-15.0158,27,True,11,0.12358904181100218
dft_descriptors,pca,55,-41.8341,-41.8341,-20.054750000000002,6155,-15.0158,40,True,22,0.29718852425396086
dft_descriptors,pls,55,-41.8341,-41.8341,-20.054750000000002,6155,-15.0158,6,True,5,0.043927579302192904
dft_descriptors,opls,55,-41.8341,-41.8341,-20.054750000000002,6155,-15.0158,7,True,4,0.051245380952558504
dft_descriptors,vanilla,55,-41.8341,-41.8341,-20.054750000000002,6155,-15.0158,41,True,20,0.2713783871460906
dft_descriptors,random,55,-20.8314,-41.8341,-20.054750000000002,6155,-15.0158,100,False,6,0.7963611787473478
dft_descriptors,outlier,55,-41.8341,-41.8341,-20.054750000000002,6155,-15.0158,27,True,27,0.24333555818228597
dft_descriptors,fabo,56,-41.8341,-41.8341,-20.31663,6155,-11.9428,66,True,23,0.29069434919190534
dft_descriptors,pca,56,-41.8341,-41.8341,-20.31663,6155,-11.9428,10,True,8,0.07138468383777219
dft_descriptors,pls,56,-41.8341,-41.8341,-20.31663,6155,-11.9428,17,True,6,0.09589204885702529
dft_descriptors,opls,56,-41.8341,-41.8341,-20.31663,6155,-11.9428,28,True,4,0.1667143282493568
dft_descriptors,vanilla,56,-17.4734,-41.8341,-20.31663,6155,-11.9428,100,False,100,0.8220838839394736
dft_descriptors,random,56,-21.2945,-41.8341,-20.31663,6155,-11.9428,100,False,93,0.9020994403053728
dft_descriptors,outlier,56,-41.8341,-41.8341,-20.31663,6155,-11.9428,27,True,27,0.21999866181798716
dft_descriptors,fabo,57,-41.8341,-41.8341,-20.09091,6155,-16.9997,57,True,15,0.3239250394613922
dft_descriptors,pca,57,-41.8341,-41.8341,-20.09091,6155,-16.9997,29,True,8,0.1788813903295429
dft_descriptors,pls,57,-41.8341,-41.8341,-20.09091,6155,-16.9997,21,True,17,0.17351190284444157
dft_descriptors,opls,57,-41.8341,-41.8341,-20.09091,6155,-16.9997,17,True,12,0.1281561463131785
dft_descriptors,vanilla,57,-20.3944,-41.8341,-20.09091,6155,-16.9997,100,False,48,0.9049596124730215
dft_descriptors,random,57,-23.5037,-41.8341,-20.09091,6155,-16.9997,100,False,19,0.7907463035144798
dft_descriptors,outlier,57,-41.8341,-41.8341,-20.09091,6155,-16.9997,25,True,25,0.23160237412621204
dft_descriptors,fabo,58,-40.2943,-40.2943,-20.059212000000002,6155,-14.5744,20,True,6,0.14944696519037787
dft_descriptors,pca,58,-29.411,-40.2943,-20.059212000000002,6155,-14.5744,100,False,8,0.4565620395102623
dft_descriptors,pls,58,-31.3258,-40.2943,-20.059212000000002,6155,-14.5744,100,False,7,0.4924267201660973
dft_descriptors,opls,58,-40.2943,-40.2943,-20.059212000000002,6155,-14.5744,7,True,7,0.04889606880275585
dft_descriptors,vanilla,58,-40.2943,-40.2943,-20.059212000000002,6155,-14.5744,35,True,20,0.2612662179868506
dft_descriptors,random,58,-18.9696,-40.2943,-20.059212000000002,6155,-14.5744,100,False,100,0.8837967488209515
dft_descriptors,outlier,58,-40.2943,-40.2943,-20.059212000000002,6155,-14.5744,38,True,34,0.3115617479072625
dft_descriptors,fabo,59,-41.8341,-41.8341,-20.268638000000003,6155,-14.9795,8,True,2,0.047153485808762746
dft_descriptors,pca,59,-41.8341,-41.8341,-20.268638000000003,6155,-14.9795,6,True,4,0.04002301281717099
dft_descriptors,pls,59,-41.8341,-41.8341,-20.268638000000003,6155,-14.9795,7,True,6,0.055649609377909186
dft_descriptors,opls,59,-41.8341,-41.8341,-20.268638000000003,6155,-14.9795,50,True,12,0.22473449613846422
dft_descriptors,vanilla,59,-41.8341,-41.8341,-20.268638000000003,6155,-14.9795,74,True,15,0.4953997452950334
dft_descriptors,random,59,-19.9501,-41.8341,-20.268638000000003,6155,-14.9795,100,False,100,0.9480317338556523
dft_descriptors,outlier,59,-41.8341,-41.8341,-20.268638000000003,6155,-14.9795,26,True,26,0.23301583341401474
dft_descriptors,fabo,60,-41.8341,-41.8341,-20.414594,6155,-13.2634,8,True,1,0.02899158928552678
dft_descriptors,pca,60,-41.8341,-41.8341,-20.414594,6155,-13.2634,16,True,2,0.08541257302061205
dft_descriptors,pls,60,-41.8341,-41.8341,-20.414594,6155,-13.2634,21,True,6,0.1383809287136822
dft_descriptors,opls,60,-41.8341,-41.8341,-20.414594,6155,-13.2634,16,True,14,0.12629858561393317
dft_descriptors,vanilla,60,-22.2812,-41.8341,-20.414594,6155,-13.2634,100,False,8,0.7155101555089655
dft_descriptors,random,60,-36.3135,-41.8341,-20.414594,6155,-13.2634,100,False,83,0.7670403945300603
dft_descriptors,outlier,60,-41.8341,-41.8341,-20.414594,6155,-13.2634,25,True,25,0.21025155141456106
dft_descriptors,fabo,61,-41.8341,-41.8341,-20.23406,6155,-16.8592,14,True,14,0.12278459573411706
dft_descriptors,pca,61,-41.8341,-41.8341,-20.23406,6155,-16.8592,26,True,16,0.2070008688723478
dft_descriptors,pls,61,-41.8341,-41.8341,-20.23406,6155,-16.8592,18,True,13,0.14732655586208554
dft_descriptors,opls,61,-41.8341,-41.8341,-20.23406,6155,-16.8592,7,True,6,0.05824099395793377
dft_descriptors,vanilla,61,-18.3502,-41.8341,-20.23406,6155,-16.8592,100,False,100,0.9922421711398244
dft_descriptors,random,61,-28.743,-41.8341,-20.23406,6155,-16.8592,100,False,41,0.7938314868127602
dft_descriptors,outlier,61,-41.8341,-41.8341,-20.23406,6155,-16.8592,28,True,28,0.2598620214695554
dft_chemberta2,fabo,42,-24.2732,-41.8341,-20.268638000000003,6155,-11.0757,100,False,20,0.623852085934249
dft_chemberta2,pca,42,-24.2732,-41.8341,-20.268638000000003,6155,-11.0757,100,False,33,0.6605856611527259
dft_chemberta2,pls,42,-24.2732,-41.8341,-20.268638000000003,6155,-11.0757,100,False,18,0.6149461935601334
dft_chemberta2,opls,42,-23.3334,-41.8341,-20.268638000000003,6155,-11.0757,100,False,64,0.7720422063566378
dft_chemberta2,vanilla,42,-41.8341,-41.8341,-20.268638000000003,6155,-11.0757,89,True,78,0.636964569028298
dft_chemberta2,random,42,-40.2943,-41.8341,-20.268638000000003,6155,-11.0757,100,False,1,0.4044147940074905
dft_chemberta2,outlier,42,-20.687,-41.8341,-20.268638000000003,6155,-11.0757,100,False,7,0.7062713925301705
dft_chemberta2,fabo,43,-22.0965,-41.8341,-20.23406,6155,-15.8139,100,False,28,0.794826211943029
dft_chemberta2,pca,43,-24.2732,-41.8341,-20.23406,6155,-15.8139,100,False,48,0.8403488059277022
dft_chemberta2,pls,43,-24.2732,-41.8341,-20.23406,6155,-15.8139,100,False,22,0.783690209913836
dft_chemberta2,opls,43,-26.3925,-41.8341,-20.23406,6155,-15.8139,100,False,25,0.7041342111129046
dft_chemberta2,vanilla,43,-19.6189,-41.8341,-20.23406,6155,-15.8139,100,False,100,0.8537674575906408
dft_chemberta2,random,43,-21.7099,-41.8341,-20.23406,6155,-15.8139,100,False,36,0.8527144295585737
dft_chemberta2,outlier,43,-22.0965,-41.8341,-20.23406,6155,-15.8139,100,False,7,0.8217886872506748
dft_chemberta2,fabo,44,-21.562,-41.8341,-19.970907999999998,6155,-10.9402,100,False,53,0.7485219735934922
dft_chemberta2,pca,44,-24.2732,-41.8341,-19.970907999999998,6155,-10.9402,100,False,47,0.7135360702274557
dft_chemberta2,pls,44,-24.2732,-41.8341,-19.970907999999998,6155,-10.9402,100,False,24,0.6840169742246849
dft_chemberta2,opls,44,-22.0965,-41.8341,-19.970907999999998,6155,-10.9402,100,False,36,0.6698586128653226
dft_chemberta2,vanilla,44,-19.3671,-41.8341,-19.970907999999998,6155,-10.9402,100,False,100,0.7935433532185968
dft_chemberta2,random,44,-23.3517,-41.8341,-19.970907999999998,6155,-10.9402,100,False,14,0.6444947384435114
dft_chemberta2,outlier,44,-22.0965,-41.8341,-19.970907999999998,6155,-10.9402,100,False,7,0.7011556650341976
dft_chemberta2,fabo,45,-24.2732,-41.8341,-19.970907999999998,6155,-10.3504,100,False,28,0.6454225519872188
dft_chemberta2,pca,45,-19.3986,-41.8341,-19.970907999999998,6155,-10.3504,100,False,100,0.7127431019861075
dft_chemberta2,pls,45,-24.2732,-41.8341,-19.970907999999998,6155,-10.3504,100,False,27,0.6088095427157545
dft_chemberta2,opls,45,-23.6946,-41.8341,-19.970907999999998,6155,-10.3504,100,False,26,0.6435053694451416
dft_chemberta2,vanilla,45,-17.2245,-41.8341,-19.970907999999998,6155,-10.3504,100,False,100,0.9393093569053191
dft_chemberta2,random,45,-18.1674,-41.8341,-19.970907999999998,6155,-10.3504,100,False,100,0.7852683769696701
dft_chemberta2,outlier,45,-19.0894,-41.8341,-19.970907999999998,6155,-10.3504,100,False,100,0.7957739719283313
dft_chemberta2,fabo,46,-23.5049,-41.8341,-20.303938,6155,-16.6053,100,False,4,0.7336765521943175
dft_chemberta2,pca,46,-22.4831,-41.8341,-20.303938,6155,-16.6053,100,False,11,0.7942315131912733
dft_chemberta2,pls,46,-24.2732,-41.8341,-20.303938,6155,-16.6053,100,False,20,0.7666449058219178
dft_chemberta2,opls,46,-24.2732,-41.8341,-20.303938,6155,-16.6053,100,False,11,0.735726431697108
dft_chemberta2,vanilla,46,-27.2594,-41.8341,-20.303938,6155,-16.6053,100,False,18,0.728420574898529
dft_chemberta2,random,46,-17.5494,-41.8341,-20.303938,6155,-16.6053,100,False,100,0.9895219748858451
dft_chemberta2,outlier,46,-22.0965,-41.8341,-20.303938,6155,-16.6053,100,False,8,0.8433922342719431
dft_chemberta2,fabo,47,-24.2732,-41.8341,-20.348554,6155,-14.4509,100,False,7,0.7035727380291568
dft_chemberta2,pca,47,-27.2594,-41.8341,-20.348554,6155,-14.4509,100,False,20,0.6151639326302262
dft_chemberta2,pls,47,-24.2732,-41.8341,-20.348554,6155,-14.4509,100,False,3,0.654560971690672
dft_chemberta2,opls,47,-24.2732,-41.8341,-20.348554,6155,-14.4509,100,False,25,0.7092110856291451
dft_chemberta2,vanilla,47,-19.9641,-41.8341,-20.348554,6155,-14.4509,100,False,100,0.8269398755441292
dft_chemberta2,random,47,-22.463,-41.8341,-20.348554,6155,-14.4509,100,False,2,0.710334109965234
dft_chemberta2,outlier,47,-22.0965,-41.8341,-20.348554,6155,-14.4509,100,False,7,0.7849000847234797
dft_chemberta2,fabo,48,-24.2732,-41.8341,-20.31663,6155,-20.5215,100,False,1,0.9460285934142246
dft_chemberta2,pca,48,-23.6946,-41.8341,-20.31663,6155,-20.5215,100,False,1,0.8957813687677714
dft_chemberta2,pls,48,-24.2732,-41.8341,-20.31663,6155,-20.5215,100,False,1,0.8556537447331627
dft_chemberta2,opls,48,-24.4745,-41.8341,-20.31663,6155,-20.5215,100,False,1,0.9241432767470883
dft_chemberta2,vanilla,48,-41.8341,-41.8341,-20.31663,6155,-20.5215,20,True,1,0.19
dft_chemberta2,random,48,-20.7703,-41.8341,-20.31663,6155,-20.5215,100,False,1,0.9940463387855071
dft_chemberta2,outlier,48,-22.0965,-41.8341,-20.31663,6155,-20.5215,100,False,1,0.9893938327562103
dft_chemberta2,fabo,49,-23.6946,-40.2943,-20.23406,6155,-15.1388,100,False,33,0.7452503428673648
dft_chemberta2,pca,49,-23.6946,-40.2943,-20.23406,6155,-15.1388,100,False,38,0.7247803064936096
dft_chemberta2,pls,49,-29.411,-40.2943,-20.23406,6155,-15.1388,100,False,22,0.607218381666037
dft_chemberta2,opls,49,-24.2732,-40.2943,-20.23406,6155,-15.1388,100,False,46,0.7459344874878259
dft_chemberta2,vanilla,49,-29.411,-40.2943,-20.23406,6155,-15.1388,100,False,12,0.5858481445409551
dft_chemberta2,random,49,-23.3517,-40.2943,-20.23406,6155,-15.1388,100,False,25,0.7308026872850866
dft_chemberta2,outlier,49,-20.687,-40.2943,-20.23406,6155,-15.1388,100,False,7,0.792677227644054
dft_chemberta2,fabo,50,-22.4747,-41.8341,-20.303938,6155,-18.2576,100,False,57,0.9302015566347848
dft_chemberta2,pca,50,-22.0965,-41.8341,-20.303938,6155,-18.2576,100,False,18,0.8643693084215213
dft_chemberta2,pls,50,-24.2732,-41.8341,-20.303938,6155,-18.2576,100,False,10,0.788217165397748
dft_chemberta2,opls,50,-24.2732,-41.8341,-20.303938,6155,-18.2576,100,False,32,0.8262052043348251
dft_chemberta2,vanilla,50,-21.3171,-41.8341,-20.303938,6155,-18.2576,100,False,18,0.8922916887578728
dft_chemberta2,random,50,-22.4831,-41.8341,-20.303938,6155,-18.2576,100,False,19,0.8515835683837725
dft_chemberta2,outlier,50,-20.687,-41.8341,-20.303938,6155,-18.2576,100,False,8,0.9041697452972238
dft_chemberta2,fabo,51,-22.4831,-41.8341,-20.303938,6155,-14.8936,100,False,14,0.7491696887585608
dft_chemberta2,pca,51,-27.2594,-41.8341,-20.303938,6155,-14.8936,100,False,13,0.6465279783225998
dft_chemberta2,pls,51,-22.0965,-41.8341,-20.303938,6155,-14.8936,100,False,22,0.7635595478925785
dft_chemberta2,opls,51,-23.6946,-41.8341,-20.303938,6155,-14.8936,100,False,11,0.7392531690206195
dft_chemberta2,vanilla,51,-29.411,-41.8341,-20.303938,6155,-14.8936,100,False,14,0.6566006198845603
dft_chemberta2,random,51,-29.411,-41.8341,-20.303938,6155,-14.8936,100,False,2,0.522716207939719
dft_chemberta2,outlier,51,-20.687,-41.8341,-20.303938,6155,-14.8936,100,False,7,0.7978583916408383
dft_chemberta2,fabo,52,-24.2732,-41.8341,-20.09091,6155,-21.0001,100,False,1,0.9030214553134296
dft_chemberta2,pca,52,-23.6946,-41.8341,-20.09091,6155,-21.0001,100,False,1,0.9307951425554383
dft_chemberta2,pls,52,-24.2732,-41.8341,-20.09091,6155,-21.0001,100,False,1,0.939372276087165
dft_chemberta2,opls,52,-24.4745,-41.8341,-20.09091,6155,-21.0001,100,False,1,0.8776261399635209
dft_chemberta2,vanilla,52,-21.0001,-41.8341,-20.09091,6155,-21.0001,100,False,1,1.0
dft_chemberta2,random,52,-21.0001,-41.8341,-20.09091,6155,-21.0001,100,False,1,1.0
dft_chemberta2,outlier,52,-22.0965,-41.8341,-20.09091,6155,-21.0001,100,False,1,0.999473744840165
dft_chemberta2,fabo,53,-24.2732,-41.8341,-20.356924,6155,-14.1429,100,False,56,0.7622377506211362
dft_chemberta2,pca,53,-23.6946,-41.8341,-20.356924,6155,-14.1429,100,False,3,0.7134529381175247
dft_chemberta2,pls,53,-27.2594,-41.8341,-20.356924,6155,-14.1429,100,False,8,0.6389953487028369
dft_chemberta2,opls,53,-24.2732,-41.8341,-20.356924,6155,-14.1429,100,False,17,0.7100989484023806
dft_chemberta2,vanilla,53,-29.411,-41.8341,-20.356924,6155,-14.1429,100,False,28,0.5753938796440744
dft_chemberta2,random,53,-18.1163,-41.8341,-20.356924,6155,-14.1429,100,False,100,0.8757967152019414
dft_chemberta2,outlier,53,-22.0965,-41.8341,-20.356924,6155,-14.1429,100,False,7,0.7753102429652742
dft_chemberta2,fabo,54,-22.4747,-41.8341,-20.303938,6155,-12.2487,100,False,1,0.6543565407261689
dft_chemberta2,pca,54,-23.6946,-41.8341,-20.303938,6155,-12.2487,100,False,9,0.6335718293482598
dft_chemberta2,pls,54,-23.6946,-41.8341,-20.303938,6155,-12.2487,100,False,9,0.6438421991928454
dft_chemberta2,opls,54,-22.0965,-41.8341,-20.303938,6155,-12.2487,100,False,64,0.7277460166163039
dft_chemberta2,vanilla,54,-25.0119,-41.8341,-20.303938,6155,-12.2487,100,False,3,0.6515544829544302
dft_chemberta2,random,54,-20.8375,-41.8341,-20.303938,6155,-12.2487,100,False,24,0.7586514970221799
dft_chemberta2,outlier,54,-22.0965,-41.8341,-20.303938,6155,-12.2487,100,False,6,0.727613282227044
dft_chemberta2,fabo,55,-23.3334,-41.8341,-20.149904,6155,-15.9666,100,False,13,0.7401328307722043
dft_chemberta2,pca,55,-24.2732,-41.8341,-20.149904,6155,-15.9666,100,False,4,0.749397197255243
dft_chemberta2,pls,55,-24.2732,-41.8341,-20.149904,6155,-15.9666,100,False,37,0.8080835797815792
dft_chemberta2,opls,55,-25.4093,-41.8341,-20.149904,6155,-15.9666,100,False,5,0.6901518121194546
dft_chemberta2,vanilla,55,-19.9641,-41.8341,-20.149904,6155,-15.9666,100,False,100,0.9026806610611768
dft_chemberta2,random,55,-18.6506,-41.8341,-20.149904,6155,-15.9666,100,False,100,0.9024660288006185
dft_chemberta2,outlier,55,-22.0965,-41.8341,-20.149904,6155,-15.9666,100,False,6,0.8250057021358846
dft_chemberta2,fabo,56,-24.2732,-41.8341,-20.09091,6155,-16.3499,100,False,9,0.7235131571718947
dft_chemberta2,pca,56,-20.0982,-41.8341,-20.09091,6155,-16.3499,100,False,50,0.8840176266078591
dft_chemberta2,pls,56,-24.2732,-41.8341,-20.09091,6155,-16.3499,100,False,21,0.76112873859097
dft_chemberta2,opls,56,-22.4831,-41.8341,-20.09091,6155,-16.3499,100,False,10,0.7725417709796658
dft_chemberta2,vanilla,56,-20.0982,-41.8341,-20.09091,6155,-16.3499,100,False,100,0.876828348545373
dft_chemberta2,random,56,-20.2769,-41.8341,-20.09091,6155,-16.3499,100,False,16,0.8633618084931058
dft_chemberta2,outlier,56,-20.687,-41.8341,-20.09091,6155,-16.3499,100,False,8,0.8417253435461974
dft_chemberta2,fabo,57,-20.3095,-40.2943,-20.054750000000002,6155,-12.6801,100,False,41,0.7836553657176382
dft_chemberta2,pca,57,-22.0965,-40.2943,-20.054750000000002,6155,-12.6801,100,False,21,0.6937097580230461
dft_chemberta2,pls,57,-24.2732,-40.2943,-20.054750000000002,6155,-12.6801,100,False,2,0.6309684872275858
dft_chemberta2,opls,57,-24.4745,-40.2943,-20.054750000000002,6155,-12.6801,100,False,14,0.6014262589537269
dft_chemberta2,vanilla,57,-14.8597,-40.2943,-20.054750000000002,6155,-12.6801,100,False,100,0.9456823301055253
dft_chemberta2,random,57,-21.7427,-40.2943,-20.054750000000002,6155,-12.6801,100,False,86,0.7794445249183388
dft_chemberta2,outlier,57,-22.0965,-40.2943,-20.054750000000002,6155,-12.6801,100,False,8,0.7262576138363593
dft_chemberta2,fabo,58,-24.2732,-41.8341,-20.287158,6155,-16.7873,100,False,41,0.8126613379753101
dft_chemberta2,pca,58,-22.0965,-41.8341,-20.287158,6155,-16.7873,100,False,66,0.8935773432135043
dft_chemberta2,pls,58,-24.2732,-41.8341,-20.287158,6155,-16.7873,100,False,18,0.7516877605123209
dft_chemberta2,opls,58,-24.2732,-41.8341,-20.287158,6155,-16.7873,100,False,26,0.7734302585559832
dft_chemberta2,vanilla,58,-16.7873,-41.8341,-20.287158,6155,-16.7873,100,False,100,1.0
dft_chemberta2,random,58,-20.4544,-41.8341,-20.287158,6155,-16.7873,100,False,40,0.8987570867336345
dft_chemberta2,outlier,58,-22.0965,-41.8341,-20.287158,6155,-16.7873,100,False,8,0.8529512352875416
dft_chemberta2,fabo,59,-24.2732,-41.8341,-20.291896,6155,-13.4232,100,False,66,0.7600264335167134
dft_chemberta2,pca,59,-23.6946,-41.8341,-20.291896,6155,-13.4232,100,False,7,0.6649436659873501
dft_chemberta2,pls,59,-24.2732,-41.8341,-20.291896,6155,-13.4232,100,False,2,0.6927225114304718
dft_chemberta2,opls,59,-23.6946,-41.8341,-20.291896,6155,-13.4232,100,False,57,0.7597482656304446
dft_chemberta2,vanilla,59,-41.8341,-41.8341,-20.291896,6155,-13.4232,78,True,63,0.6214048481392707
dft_chemberta2,random,59,-22.4055,-41.8341,-20.291896,6155,-13.4232,100,False,74,0.8425988969022455
dft_chemberta2,outlier,59,-22.0965,-41.8341,-20.291896,6155,-13.4232,100,False,7,0.7557017905099803
dft_chemberta2,fabo,60,-24.2732,-41.8341,-20.079462,6155,-12.4534,100,False,9,0.6218187789943737
dft_chemberta2,pca,60,-24.2732,-41.8341,-20.079462,6155,-12.4534,100,False,3,0.6017472694660099
dft_chemberta2,pls,60,-24.2732,-41.8341,-20.079462,6155,-12.4534,100,False,64,0.7533416494501494
dft_chemberta2,opls,60,-24.2732,-41.8341,-20.079462,6155,-12.4534,100,False,7,0.6235264646519653
dft_chemberta2,vanilla,60,-25.0119,-41.8341,-20.079462,6155,-12.4534,100,False,52,0.6831171142961194
dft_chemberta2,random,60,-21.2523,-41.8341,-20.079462,6155,-12.4534,100,False,85,0.7694161132988665
dft_chemberta2,outlier,60,-22.0965,-41.8341,-20.079462,6155,-12.4534,100,False,7,0.7341772319924301
dft_chemberta2,fabo,61,-22.4831,-41.8341,-20.23406,6155,-13.2964,100,False,30,0.7465412769774715
dft_chemberta2,pca,61,-24.2732,-41.8341,-20.23406,6155,-13.2964,100,False,4,0.6268971921353159
dft_chemberta2,pls,61,-40.2943,-41.8341,-20.23406,6155,-13.2964,100,False,8,0.30187699078762487
dft_chemberta2,opls,61,-40.2943,-41.8341,-20.23406,6155,-13.2964,100,False,64,0.7567415033446986
dft_chemberta2,vanilla,61,-27.2594,-41.8341,-20.23406,6155,-13.2964,100,False,46,0.7493812045119261
dft_chemberta2,random,61,-21.6201,-41.8341,-20.23406,6155,-13.2964,100,False,52,0.8085582229822301
dft_chemberta2,outlier,61,-22.0965,-41.8341,-20.23406,6155,-13.2964,100,False,6,0.7534782060222089
dft_mordred,fabo,42,-18.9661,-41.8341,-20.268638000000003,6155,-11.0757,100,False,100,0.7839759545359967
dft_mordred,pca,42,-14.213,-41.8341,-20.268638000000003,6155,-11.0757,100,False,100,0.8997266762900538
dft_mordred,pls,42,-21.5253,-41.8341,-20.268638000000003,6155,-11.0757,100,False,34,0.7043814697773615
dft_mordred,opls,42,-29.411,-41.8341,-20.268638000000003,6155,-11.0757,100,False,39,0.6086303578859755
dft_mordred,vanilla,42,-23.3334,-41.8341,-20.268638000000003,6155,-11.0757,100,False,36,0.6974215173741158
dft_mordred,random,42,-40.2943,-41.8341,-20.268638000000003,6155,-11.0757,100,False,1,0.4044147940074905
dft_mordred,outlier,42,-20.325,-41.8341,-20.268638000000003,6155,-11.0757,100,False,19,0.7534193586142319
dft_mordred,fabo,43,-23.5037,-41.8341,-20.23406,6155,-15.8139,100,False,39,0.7854174449081868
dft_mordred,pca,43,-23.3334,-41.8341,-20.23406,6155,-15.8139,100,False,72,0.8686920546344762
dft_mordred,pls,43,-26.3925,-41.8341,-20.23406,6155,-15.8139,100,False,5,0.6689708380412143
dft_mordred,opls,43,-29.411,-41.8341,-20.23406,6155,-15.8139,100,False,29,0.6885590425899877
dft_mordred,vanilla,43,-41.8341,-41.8341,-20.23406,6155,-15.8139,95,True,90,0.7882927494792509
dft_mordred,random,43,-21.7099,-41.8341,-20.23406,6155,-15.8139,100,False,36,0.8527144295585737
dft_mordred,outlier,43,-20.325,-41.8341,-20.23406,6155,-15.8139,100,False,20,0.8595709871561326
dft_mordred,fabo,44,-21.6201,-41.8341,-19.970907999999998,6155,-10.9402,100,False,27,0.7155160403833762
dft_mordred,pca,44,-20.687,-41.8341,-19.970907999999998,6155,-10.9402,100,False,85,0.8245994840405385
dft_mordred,pls,44,-29.411,-41.8341,-19.970907999999998,6155,-10.9402,100,False,34,0.6371155147132604
dft_mordred,opls,44,-36.3135,-41.8341,-19.970907999999998,6155,-10.9402,100,False,68,0.5946413045941108
dft_mordred,vanilla,44,-19.3671,-41.8341,-19.970907999999998,6155,-10.9402,100,False,100,0.826187694010792
dft_mordred,random,44,-23.3517,-41.8341,-19.970907999999998,6155,-10.9402,100,False,14,0.6444947384435114
dft_mordred,outlier,44,-20.325,-41.8341,-19.970907999999998,6155,-10.9402,100,False,17,0.744828849708195
dft_mordred,fabo,45,-29.411,-41.8341,-19.970907999999998,6155,-10.3504,100,False,92,0.7091680774496006
dft_mordred,pca,45,-21.3966,-41.8341,-19.970907999999998,6155,-10.3504,100,False,100,0.7227167391380305
dft_mordred,pls,45,-20.2769,-41.8341,-19.970907999999998,6155,-10.3504,100,False,71,0.7173339219977322
dft_mordred,opls,45,-29.411,-41.8341,-19.970907999999998,6155,-10.3504,100,False,66,0.6830160051074046
dft_mordred,vanilla,45,-19.3671,-41.8341,-19.970907999999998,6155,-10.3504,100,False,100,0.8129644863850181
dft_mordred,random,45,-18.1674,-41.8341,-19.970907999999998,6155,-10.3504,100,False,100,0.7852683769696701
dft_mordred,outlier,45,-20.325,-41.8341,-19.970907999999998,6155,-10.3504,100,False,21,0.7465456728402313
dft_mordred,fabo,46,-23.6946,-41.8341,-20.303938,6155,-16.6053,100,False,2,0.7716886653348553
dft_mordred,pca,46,-41.8341,-41.8341,-20.303938,6155,-16.6053,74,True,74,0.7068303684677829
dft_mordred,pls,46,-26.3925,-41.8341,-20.303938,6155,-16.6053,100,False,31,0.7336261732623035
dft_mordred,opls,46,-29.411,-41.8341,-20.303938,6155,-16.6053,100,False,33,0.7754249508498223
dft_mordred,vanilla,46,-23.5049,-41.8341,-20.303938,6155,-16.6053,100,False,12,0.7566018201420599
dft_mordred,random,46,-17.5494,-41.8341,-20.303938,6155,-16.6053,100,False,100,0.9895219748858451
dft_mordred,outlier,46,-20.325,-41.8341,-20.303938,6155,-16.6053,100,False,20,0.8805747003424657
dft_mordred,fabo,47,-29.411,-41.8341,-20.348554,6155,-14.4509,100,False,93,0.8132867962838529
dft_mordred,pca,47,-21.2523,-41.8341,-20.348554,6155,-14.4509,100,False,21,0.7866767945309532
dft_mordred,pls,47,-26.3925,-41.8341,-20.348554,6155,-14.4509,100,False,3,0.6132991030997109
dft_mordred,opls,47,-29.411,-41.8341,-20.348554,6155,-14.4509,100,False,21,0.6998419468871426
dft_mordred,vanilla,47,-23.3334,-41.8341,-20.348554,6155,-14.4509,100,False,71,0.8169151888749303
dft_mordred,random,47,-22.463,-41.8341,-20.348554,6155,-14.4509,100,False,2,0.710334109965234
dft_mordred,outlier,47,-18.9696,-41.8341,-20.348554,6155,-14.4509,100,False,100,0.8696363828916996
dft_mordred,fabo,48,-36.3135,-41.8341,-20.31663,6155,-20.5215,100,False,1,0.47930191529893107
dft_mordred,pca,48,-20.687,-41.8341,-20.31663,6155,-20.5215,100,False,1,0.9966608954327486
dft_mordred,pls,48,-29.411,-41.8341,-20.31663,6155,-20.5215,100,False,1,0.7080295224421235
dft_mordred,opls,48,-36.3135,-41.8341,-20.31663,6155,-20.5215,100,False,1,0.6024292671940542
dft_mordred,vanilla,48,-41.8341,-41.8341,-20.31663,6155,-20.5215,21,True,1,0.2
dft_mordred,random,48,-20.7703,-41.8341,-20.31663,6155,-20.5215,100,False,1,0.9940463387855071
dft_mordred,outlier,48,-20.5215,-41.8341,-20.31663,6155,-20.5215,100,False,1,1.0
dft_mordred,fabo,49,-22.4831,-40.2943,-20.23406,6155,-15.1388,100,False,62,0.8223660432112261
dft_mordred,pca,49,-20.687,-40.2943,-20.23406,6155,-15.1388,100,False,50,0.8486094492258155
dft_mordred,pls,49,-29.411,-40.2943,-20.23406,6155,-15.1388,100,False,35,0.5669992645743474
dft_mordred,opls,49,-29.411,-40.2943,-20.23406,6155,-15.1388,100,False,10,0.6244549303333267
dft_mordred,vanilla,49,-23.5037,-40.2943,-20.23406,6155,-15.1388,100,False,13,0.7024235654230685
dft_mordred,random,49,-23.3517,-40.2943,-20.23406,6155,-15.1388,100,False,25,0.7308026872850866
dft_mordred,outlier,49,-20.8375,-40.2943,-20.23406,6155,-15.1388,100,False,18,0.8282713124366442
dft_mordred,fabo,50,-26.3925,-41.8341,-20.303938,6155,-18.2576,100,False,16,0.7514844442559331
dft_mordred,pca,50,-19.9501,-41.8341,-20.303938,6155,-18.2576,100,False,100,0.9760909380103072
dft_mordred,pls,50,-29.411,-41.8341,-20.303938,6155,-18.2576,100,False,19,0.7336683137870339
dft_mordred,opls,50,-29.411,-41.8341,-20.303938,6155,-18.2576,100,False,36,0.6925027039636931
dft_mordred,vanilla,50,-23.5964,-41.8341,-20.303938,6155,-18.2576,100,False,12,0.7984632154900008
dft_mordred,random,50,-22.4831,-41.8341,-20.303938,6155,-18.2576,100,False,19,0.8515835683837725
dft_mordred,outlier,50,-20.325,-41.8341,-20.303938,6155,-18.2576,100,False,21,0.9298487901087946
dft_mordred,fabo,51,-22.0145,-41.8341,-20.303938,6155,-14.8936,100,False,37,0.7923582710046213
dft_mordred,pca,51,-26.3925,-41.8341,-20.303938,6155,-14.8936,100,False,21,0.7136025686234482
dft_mordred,pls,51,-26.3925,-41.8341,-20.303938,6155,-14.8936,100,False,57,0.790274382435367
dft_mordred,opls,51,-26.3925,-41.8341,-20.303938,6155,-14.8936,100,False,7,0.6641215641877471
dft_mordred,vanilla,51,-23.5037,-41.8341,-20.303938,6155,-14.8936,100,False,4,0.6862676268072236
dft_mordred,random,51,-29.411,-41.8341,-20.303938,6155,-14.8936,100,False,2,0.522716207939719
dft_mordred,outlier,51,-20.325,-41.8341,-20.303938,6155,-14.8936,100,False,19,0.8346820586106424
dft_mordred,fabo,52,-29.411,-41.8341,-20.09091,6155,-21.0001,100,False,1,0.8753575405587017
dft_mordred,pca,52,-21.0001,-41.8341,-20.09091,6155,-21.0001,100,False,1,1.0
dft_mordred,pls,52,-41.8341,-41.8341,-20.09091,6155,-21.0001,64,True,1,0.5790841413074781
dft_mordred,opls,52,-41.8341,-41.8341,-20.09091,6155,-21.0001,1,True,1,0.0
dft_mordred,vanilla,52,-23.6946,-41.8341,-20.09091,6155,-21.0001,100,False,1,0.8874812805990208
dft_mordred,random,52,-21.0001,-41.8341,-20.09091,6155,-21.0001,100,False,1,1.0
dft_mordred,outlier,52,-21.0001,-41.8341,-20.09091,6155,-21.0001,100,False,1,1.0
dft_mordred,fabo,53,-23.6946,-41.8341,-20.356924,6155,-14.1429,100,False,7,0.6706326197492345
dft_mordred,pca,53,-21.5253,-41.8341,-20.356924,6155,-14.1429,100,False,71,0.8286186947477897
dft_mordred,pls,53,-23.6946,-41.8341,-20.356924,6155,-14.1429,100,False,26,0.7434938897555904
dft_mordred,opls,53,-41.8341,-41.8341,-20.356924,6155,-14.1429,71,True,17,0.517490466285318
dft_mordred,vanilla,53,-41.8341,-41.8341,-20.356924,6155,-14.1429,59,True,55,0.520235634425377
dft_mordred,random,53,-18.1163,-41.8341,-20.356924,6155,-14.1429,100,False,100,0.8757967152019414
dft_mordred,outlier,53,-20.8375,-41.8341,-20.356924,6155,-14.1429,100,False,97,0.8161935199630205
dft_mordred,fabo,54,-18.9696,-41.8341,-20.303938,6155,-12.2487,100,False,100,0.8029630831423605
dft_mordred,pca,54,-26.3925,-41.8341,-20.303938,6155,-12.2487,100,False,87,0.7692235697337202
dft_mordred,pls,54,-22.0965,-41.8341,-20.303938,6155,-12.2487,100,False,2,0.6919072583098419
dft_mordred,opls,54,-29.411,-41.8341,-20.303938,6155,-12.2487,100,False,10,0.6291935887295758
dft_mordred,vanilla,54,-22.3841,-41.8341,-20.303938,6155,-12.2487,100,False,2,0.6716051160369639
dft_mordred,random,54,-20.8375,-41.8341,-20.303938,6155,-12.2487,100,False,24,0.7586514970221799
dft_mordred,outlier,54,-20.325,-41.8341,-20.303938,6155,-12.2487,100,False,18,0.7734244255612565
dft_mordred,fabo,55,-22.0965,-41.8341,-20.149904,6155,-15.9666,100,False,42,0.8282624915434426
dft_mordred,pca,55,-20.325,-41.8341,-20.149904,6155,-15.9666,100,False,27,0.8566852614284332
dft_mordred,pls,55,-22.0965,-41.8341,-20.149904,6155,-15.9666,100,False,42,0.8532449985503043
dft_mordred,opls,55,-29.411,-41.8341,-20.149904,6155,-15.9666,100,False,38,0.6698945008214939
dft_mordred,vanilla,55,-23.5037,-41.8341,-20.149904,6155,-15.9666,100,False,9,0.8017858316420218
dft_mordred,random,55,-18.6506,-41.8341,-20.149904,6155,-15.9666,100,False,100,0.9024660288006185
dft_mordred,outlier,55,-20.8375,-41.8341,-20.149904,6155,-15.9666,100,False,17,0.857676389291582
dft_mordred,fabo,56,-29.411,-41.8341,-20.09091,6155,-16.3499,100,False,10,0.5969143233846852
dft_mordred,pca,56,-26.3925,-41.8341,-20.09091,6155,-16.3499,100,False,20,0.670666373674669
dft_mordred,pls,56,-29.411,-41.8341,-20.09091,6155,-16.3499,100,False,41,0.6725899576992802
dft_mordred,opls,56,-29.411,-41.8341,-20.09091,6155,-16.3499,100,False,53,0.8057743621538052
dft_mordred,vanilla,56,-19.87,-41.8341,-20.09091,6155,-16.3499,100,False,100,0.8799534221203723
dft_mordred,random,56,-20.2769,-41.8341,-20.09091,6155,-16.3499,100,False,16,0.8633618084931058
dft_mordred,outlier,56,-16.3499,-41.8341,-20.09091,6155,-16.3499,100,False,100,1.0
dft_mordred,fabo,57,-29.411,-40.2943,-20.054750000000002,6155,-12.6801,100,False,13,0.44444988447972406
dft_mordred,pca,57,-26.3925,-40.2943,-20.054750000000002,6155,-12.6801,100,False,85,0.7740366912675363
dft_mordred,pls,57,-22.0965,-40.2943,-20.054750000000002,6155,-12.6801,100,False,14,0.7160919744189583
dft_mordred,opls,57,-22.0965,-40.2943,-20.054750000000002,6155,-12.6801,100,False,58,0.7657314714893062
dft_mordred,vanilla,57,-19.2039,-40.2943,-20.054750000000002,6155,-12.6801,100,False,100,0.884120959506341
dft_mordred,random,57,-21.7427,-40.2943,-20.054750000000002,6155,-12.6801,100,False,86,0.7794445249183388
dft_mordred,outlier,57,-20.8375,-40.2943,-20.054750000000002,6155,-12.6801,100,False,20,0.7751973984399332
dft_mordred,fabo,58,-21.0001,-41.8341,-20.287158,6155,-16.7873,100,False,17,0.8580158742833413
dft_mordred,pca,58,-20.687,-41.8341,-20.287158,6155,-16.7873,100,False,94,0.9705589935640482
dft_mordred,pls,58,-19.6855,-41.8341,-20.287158,6155,-16.7873,100,False,100,0.9948162240286184
dft_mordred,opls,58,-26.3925,-41.8341,-20.287158,6155,-16.7873,100,False,38,0.7584012328920261
dft_mordred,vanilla,58,-23.3334,-41.8341,-20.287158,6155,-16.7873,100,False,50,0.8612067409808836
dft_mordred,random,58,-20.4544,-41.8341,-20.287158,6155,-16.7873,100,False,40,0.8987570867336345
dft_mordred,outlier,58,-20.325,-41.8341,-20.287158,6155,-16.7873,100,False,21,0.8870051264033728
dft_mordred,fabo,59,-21.0001,-41.8341,-20.291896,6155,-13.4232,100,False,50,0.7796609399913413
dft_mordred,pca,59,-22.0965,-41.8341,-20.291896,6155,-13.4232,100,False,31,0.7430483722796533
dft_mordred,pls,59,-29.411,-41.8341,-20.291896,6155,-13.4232,100,False,30,0.5597101816556324
dft_mordred,opls,59,-29.411,-41.8341,-20.291896,6155,-13.4232,100,False,22,0.6431765625164991
dft_mordred,vanilla,59,-21.7043,-41.8341,-20.291896,6155,-13.4232,100,False,13,0.7413558880570487
dft_mordred,random,59,-22.4055,-41.8341,-20.291896,6155,-13.4232,100,False,74,0.8425988969022455
dft_mordred,outlier,59,-20.325,-41.8341,-20.291896,6155,-13.4232,100,False,20,0.8032284088149269
dft_mordred,fabo,60,-20.687,-41.8341,-20.079462,6155,-12.4534,100,False,14,0.7432620053300297
dft_mordred,pca,60,-22.0965,-41.8341,-20.079462,6155,-12.4534,100,False,55,0.7664030809340824
dft_mordred,pls,60,-41.8341,-41.8341,-20.079462,6155,-12.4534,46,True,44,0.3862247325625326
dft_mordred,opls,60,-20.687,-41.8341,-20.079462,6155,-12.4534,100,False,76,0.7998366955178061
dft_mordred,vanilla,60,-23.6946,-41.8341,-20.079462,6155,-12.4534,100,False,17,0.6920987587089483
dft_mordred,random,60,-21.2523,-41.8341,-20.079462,6155,-12.4534,100,False,85,0.7694161132988665
dft_mordred,outlier,60,-20.325,-41.8341,-20.079462,6155,-12.4534,100,False,20,0.7829869267920782
dft_mordred,fabo,61,-20.687,-41.8341,-20.23406,6155,-13.2964,100,False,7,0.7481392333649872
dft_mordred,pca,61,-26.3925,-41.8341,-20.23406,6155,-13.2964,100,False,47,0.7073465275758033
dft_mordred,pls,61,-29.411,-41.8341,-20.23406,6155,-13.2964,100,False,10,0.5791640882061272
dft_mordred,opls,61,-26.3925,-41.8341,-20.23406,6155,-13.2964,100,False,4,0.6074322387578536
dft_mordred,vanilla,61,-41.8341,-41.8341,-20.23406,6155,-13.2964,96,True,53,0.7294053129719632
dft_mordred,random,61,-21.6201,-41.8341,-20.23406,6155,-13.2964,100,False,52,0.8085582229822301
dft_mordred,outlier,61,-20.8375,-41.8341,-20.23406,6155,-13.2964,100,False,18,0.794859501641688
