rep,method,n,best_mean,best_sd,hits,it_opt_median,top1_hits,it_top1_median,it_top1_iqr_lo,it_top1_iqr_hi,auc_median,auc_mean
dft_descriptors,fabo,20,-41.173120000000004,1.329702249061005,16,41.0,20,6.5,2.0,15.25,0.17397766361999545,0.1894883614367997
dft_descriptors,pca,20,-40.93691500000001,2.979858875901588,19,23.0,20,8.0,2.0,10.75,0.1562838375101651,0.15459593388832424
dft_descriptors,pls,20,-41.032655000000005,2.5961014444689337,19,21.0,20,6.0,4.25,9.0,0.13763592802317334,0.15573300454033231
dft_descriptors,opls,20,-41.481080000000006,1.2639858841650178,20,16.5,20,4.0,1.0,7.25,0.1031944567408408,0.11535836531700021
dft_descriptors,vanilla,20,-35.11275500000001,9.91427772274198,14,77.0,18,26.0,11.25,55.25,0.5770184142375123,0.5639457498337219
dft_descriptors,random,20,-22.71426,4.589601962376762,0,100.0,14,51.0,12.25,100.0,0.8701927986238702,0.8514233557873684
dft_descriptors,outlier,20,-41.481080000000006,1.2639858841650178,20,27.5,20,27.0,25.75,28.0,0.23705132693658398,0.25481881303323484
dft_chemberta2,fabo,20,-23.357424999999992,1.1633227460371296,0,100.0,20,24.0,8.5,41.0,0.7475316252854818,0.756424361157137
dft_chemberta2,pca,20,-23.529749999999996,1.8834454350583418,0,100.0,19,15.5,4.0,40.25,0.7134945041724903,0.7430089004915272
dft_chemberta2,pls,20,-25.342689999999997,3.798799312649916,0,100.0,20,18.0,6.75,22.0,0.7222051359713964,0.7024668589690035
dft_chemberta2,opls,20,-24.826265,3.776867330456343,0,100.0,20,25.0,10.75,38.5,0.7374898003588638,0.7381525746957381
dft_chemberta2,vanilla,20,-25.42395,8.306232339413327,3,100.0,12,57.5,17.0,100.0,0.7714622788652614,0.7554864254813399
dft_chemberta2,random,20,-22.29541,4.936431130717392,0,100.0,16,30.5,11.0,85.25,0.8255785599422378,0.7992474060288786
dft_chemberta2,outlier,20,-21.59377,0.8559805888723845,0,100.0,19,7.0,6.75,8.0,0.7942255997861927,0.8064537813220104
dft_mordred,fabo,20,-24.5089,4.617589111327752,0,100.0,18,22.0,9.25,53.0,0.7756748026630983,0.7386110824247214
dft_mordred,pca,20,-23.18667,5.332047682605524,1,100.0,17,63.0,25.5,85.5,0.8056381392857459,0.8215396766799945
dft_mordred,pls,20,-27.329349999999998,6.034249698399262,2,100.0,19,30.5,8.75,41.25,0.6981443640436017,0.6825012975312408
dft_mordred,opls,20,-30.08886,5.388633598545035,2,100.0,20,31.0,10.0,42.5,0.6670080325046206,0.6415276596378475
dft_mordred,vanilla,20,-26.211734999999997,8.169004292238146,4,100.0,16,26.5,11.25,75.75,0.7724472848106554,0.73773934045177
dft_mordred,random,20,-22.29541,4.936431130717392,0,100.0,16,30.5,11.0,85.25,0.8255785599422378,0.7992474060288786
dft_mordred,outlier,20,-20.230179999999997,1.0069852356624223,0,100.0,18,20.0,18.0,21.0,0.8314766855236433,0.8468974904808448
